PuzzleID,FEN,Moves,Rating,Popularity,Themes,Opening,Display Theme,Tags
opening_00001 Italian Game (Giuoco Piano),rnbqkbnr/pppppppp/8/8/8/8/PPPPPPPP/RNBQKBNR w KQkq - 0 1,e4,,,development mainline white,italian_game,,OCP::00_Openings_Defences::development OCP::00_Openings_Defences::Italian_Game OCP::00_Openings_Defences::mainline OCP::00_Openings_Defences::white
opening_00002 Italian Game (Giuoco Piano),rnbqkbnr/pppppppp/8/8/4P3/8/PPPP1PPP/RNBQKBNR b KQkq - 0 1,e5,,,development mainline white,italian_game,,OCP::00_Openings_Defences::development OCP::00_Openings_Defences::Italian_Game OCP::00_Openings_Defences::mainline OCP::00_Openings_Defences::white
opening_00003 Italian Game (Giuoco Piano),rnbqkbnr/pppp1ppp/8/4p3/4P3/8/PPPP1PPP/RNBQKBNR w KQkq - 0 2,Nf3,,,development mainline white,italian_game,,OCP::00_Openings_Defences::development OCP::00_Openings_Defences::Italian_Game OCP::00_Openings_Defences::mainline OCP::00_Openings_Defences::white
opening_00004 Italian Game (Giuoco Piano),rnbqkbnr/pppp1ppp/8/4p3/4P3/5N2/PPPP1PPP/RNBQKB1R b KQkq - 1 2,Nc6,,,development mainline white,italian_game,,OCP::00_Openings_Defences::development OCP::00_Openings_Defences::Italian_Game OCP::00_Openings_Defences::mainline OCP::00_Openings_Defences::white
opening_00005 Italian Game (Giuoco Piano),r1bqkbnr/pppp1ppp/2n5/4p3/4P3/5N2/PPPP1PPP/RNBQKB1R w KQkq - 2 3,Bc4,,,development mainline white,italian_game,,OCP::00_Openings_Defences::development OCP::00_Openings_Defences::Italian_Game OCP::00_Openings_Defences::mainline OCP::00_Openings_Defences::white
opening_00006 Italian Game (Giuoco Piano),r1bqkbnr/pppp1ppp/2n5/4p3/2B1P3/5N2/PPPP1PPP/RNBQK2R b KQkq - 3 3,Bc5,,,development mainline white,italian_game,,OCP::00_Openings_Defences::development OCP::00_Openings_Defences::Italian_Game OCP::00_Openings_Defences::mainline OCP::00_Openings_Defences::white
opening_00007 Italian Game (Giuoco Piano),r1bqk1nr/pppp1ppp/2n5/2b1p3/2B1P3/5N2/PPPP1PPP/RNBQK2R w KQkq - 4 4,d3,,,development mainline white,italian_game,,OCP::00_Openings_Defences::development OCP::00_Openings_Defences::Italian_Game OCP::00_Openings_Defences::mainline OCP::00_Openings_Defences::white
opening_00008 Italian Game (Giuoco Piano),r1bqk1nr/pppp1ppp/2n5/2b1p3/2B1P3/3P1N2/PPP2PPP/RNBQK2R b KQkq - 0 4,d6,,,development mainline white,italian_game,,OCP::00_Openings_Defences::development OCP::00_Openings_Defences::Italian_Game OCP::00_Openings_Defences::mainline OCP::00_Openings_Defences::white
opening_00009 Italian Game (Giuoco Piano),r1bqk1nr/ppp2ppp/2np4/2b1p3/2B1P3/3P1N2/PPP2PPP/RNBQK2R w KQkq - 0 5,Nbd2,,,development mainline white,italian_game,,OCP::00_Openings_Defences::development OCP::00_Openings_Defences::Italian_Game OCP::00_Openings_Defences::mainline OCP::00_Openings_Defences::white
opening_00010 Italian Classical,rnbqkbnr/pppppppp/8/8/8/8/PPPPPPPP/RNBQKBNR w KQkq - 0 1,e4,,,center mainline white,italian_game,,OCP::00_Openings_Defences::center OCP::00_Openings_Defences::Italian_Game OCP::00_Openings_Defences::mainline OCP::00_Openings_Defences::white
opening_00011 Italian Classical,rnbqkbnr/pppppppp/8/8/4P3/8/PPPP1PPP/RNBQKBNR b KQkq - 0 1,e5,,,center mainline white,italian_game,,OCP::00_Openings_Defences::center OCP::00_Openings_Defences::Italian_Game OCP::00_Openings_Defences::mainline OCP::00_Openings_Defences::white
opening_00012 Italian Classical,rnbqkbnr/pppp1ppp/8/4p3/4P3/8/PPPP1PPP/RNBQKBNR w KQkq - 0 2,Nf3,,,center mainline white,italian_game,,OCP::00_Openings_Defences::center OCP::00_Openings_Defences::Italian_Game OCP::00_Openings_Defences::mainline OCP::00_Openings_Defences::white
opening_00013 Italian Classical,rnbqkbnr/pppp1ppp/8/4p3/4P3/5N2/PPPP1PPP/RNBQKB1R b KQkq - 1 2,Nc6,,,center mainline white,italian_game,,OCP::00_Openings_Defences::center OCP::00_Openings_Defences::Italian_Game OCP::00_Openings_Defences::mainline OCP::00_Openings_Defences::white
opening_00014 Italian Classical,r1bqkbnr/pppp1ppp/2n5/4p3/4P3/5N2/PPPP1PPP/RNBQKB1R w KQkq - 2 3,Bc4,,,center mainline white,italian_game,,OCP::00_Openings_Defences::center OCP::00_Openings_Defences::Italian_Game OCP::00_Openings_Defences::mainline OCP::00_Openings_Defences::white
opening_00015 Italian Classical,r1bqkbnr/pppp1ppp/2n5/4p3/2B1P3/5N2/PPPP1PPP/RNBQK2R b KQkq - 3 3,Bc5,,,center mainline white,italian_game,,OCP::00_Openings_Defences::center OCP::00_Openings_Defences::Italian_Game OCP::00_Openings_Defences::mainline OCP::00_Openings_Defences::white
opening_00016 Italian Classical,r1bqk1nr/pppp1ppp/2n5/2b1p3/2B1P3/5N2/PPPP1PPP/RNBQK2R w KQkq - 4 4,c3,,,center mainline white,italian_game,,OCP::00_Openings_Defences::center OCP::00_Openings_Defences::Italian_Game OCP::00_Openings_Defences::mainline OCP::00_Openings_Defences::white
opening_00017 Italian Classical,r1bqk1nr/pppp1ppp/2n5/2b1p3/2B1P3/2P2N2/PP1P1PPP/RNBQK2R b KQkq - 0 4,Nf6,,,center mainline white,italian_game,,OCP::00_Openings_Defences::center OCP::00_Openings_Defences::Italian_Game OCP::00_Openings_Defences::mainline OCP::00_Openings_Defences::white
opening_00018 Italian Classical,r1bqk2r/pppp1ppp/2n2n2/2b1p3/2B1P3/2P2N2/PP1P1PPP/RNBQK2R w KQkq - 1 5,d3,,,center mainline white,italian_game,,OCP::00_Openings_Defences::center OCP::00_Openings_Defences::Italian_Game OCP::00_Openings_Defences::mainline OCP::00_Openings_Defences::white
opening_00019 Italian Classical,r1bqk2r/pppp1ppp/2n2n2/2b1p3/2B1P3/2PP1N2/PP3PPP/RNBQK2R b KQkq - 0 5,d6,,,center mainline white,italian_game,,OCP::00_Openings_Defences::center OCP::00_Openings_Defences::Italian_Game OCP::00_Openings_Defences::mainline OCP::00_Openings_Defences::white
opening_00020 Italian Classical,r1bqk2r/ppp2ppp/2np1n2/2b1p3/2B1P3/2PP1N2/PP3PPP/RNBQK2R w KQkq - 0 6,Nbd2,,,center mainline white,italian_game,,OCP::00_Openings_Defences::center OCP::00_Openings_Defences::Italian_Game OCP::00_Openings_Defences::mainline OCP::00_Openings_Defences::white
opening_00021 Fried Liver Attack,rnbqkbnr/pppppppp/8/8/8/8/PPPPPPPP/RNBQKBNR w KQkq - 0 1,e4,,,tactical trap white,italian_game,,OCP::00_Openings_Defences::Italian_Game OCP::00_Openings_Defences::tactical OCP::00_Openings_Defences::trap OCP::00_Openings_Defences::white
opening_00022 Fried Liver Attack,rnbqkbnr/pppppppp/8/8/4P3/8/PPPP1PPP/RNBQKBNR b KQkq - 0 1,e5,,,tactical trap white,italian_game,,OCP::00_Openings_Defences::Italian_Game OCP::00_Openings_Defences::tactical OCP::00_Openings_Defences::trap OCP::00_Openings_Defences::white
opening_00023 Fried Liver Attack,rnbqkbnr/pppp1ppp/8/4p3/4P3/8/PPPP1PPP/RNBQKBNR w KQkq - 0 2,Nf3,,,tactical trap white,italian_game,,OCP::00_Openings_Defences::Italian_Game OCP::00_Openings_Defences::tactical OCP::00_Openings_Defences::trap OCP::00_Openings_Defences::white
opening_00024 Fried Liver Attack,rnbqkbnr/pppp1ppp/8/4p3/4P3/5N2/PPPP1PPP/RNBQKB1R b KQkq - 1 2,Nc6,,,tactical trap white,italian_game,,OCP::00_Openings_Defences::Italian_Game OCP::00_Openings_Defences::tactical OCP::00_Openings_Defences::trap OCP::00_Openings_Defences::white
opening_00025 Fried Liver Attack,r1bqkbnr/pppp1ppp/2n5/4p3/4P3/5N2/PPPP1PPP/RNBQKB1R w KQkq - 2 3,Bc4,,,tactical trap white,italian_game,,OCP::00_Openings_Defences::Italian_Game OCP::00_Openings_Defences::tactical OCP::00_Openings_Defences::trap OCP::00_Openings_Defences::white
opening_00026 Fried Liver Attack,r1bqkbnr/pppp1ppp/2n5/4p3/2B1P3/5N2/PPPP1PPP/RNBQK2R b KQkq - 3 3,Nf6,,,tactical trap white,italian_game,,OCP::00_Openings_Defences::Italian_Game OCP::00_Openings_Defences::tactical OCP::00_Openings_Defences::trap OCP::00_Openings_Defences::white
opening_00027 Fried Liver Attack,r1bqkb1r/pppp1ppp/2n2n2/4p3/2B1P3/5N2/PPPP1PPP/RNBQK2R w KQkq - 4 4,Ng5,,,tactical trap white,italian_game,,OCP::00_Openings_Defences::Italian_Game OCP::00_Openings_Defences::tactical OCP::00_Openings_Defences::trap OCP::00_Openings_Defences::white
opening_00028 Fried Liver Attack,r1bqkb1r/pppp1ppp/2n2n2/4p1N1/2B1P3/8/PPPP1PPP/RNBQK2R b KQkq - 5 4,d5,,,tactical trap white,italian_game,,OCP::00_Openings_Defences::Italian_Game OCP::00_Openings_Defences::tactical OCP::00_Openings_Defences::trap OCP::00_Openings_Defences::white
opening_00029 Fried Liver Attack,r1bqkb1r/ppp2ppp/2n2n2/3pp1N1/2B1P3/8/PPPP1PPP/RNBQK2R w KQkq - 0 5,exd5,,,tactical trap white,italian_game,,OCP::00_Openings_Defences::Italian_Game OCP::00_Openings_Defences::tactical OCP::00_Openings_Defences::trap OCP::00_Openings_Defences::white
opening_00030 Fried Liver Attack,r1bqkb1r/ppp2ppp/2n2n2/3Pp1N1/2B5/8/PPPP1PPP/RNBQK2R b KQkq - 0 5,Nxd5,,,tactical trap white,italian_game,,OCP::00_Openings_Defences::Italian_Game OCP::00_Openings_Defences::tactical OCP::00_Openings_Defences::trap OCP::00_Openings_Defences::white
opening_00031 Fried Liver Attack,r1bqkb1r/ppp2ppp/2n5/3np1N1/2B5/8/PPPP1PPP/RNBQK2R w KQkq - 0 6,Nxf7,,,tactical trap white,italian_game,,OCP::00_Openings_Defences::Italian_Game OCP::00_Openings_Defences::tactical OCP::00_Openings_Defences::trap OCP::00_Openings_Defences::white
opening_00032 Hungarian Defense,rnbqkbnr/pppppppp/8/8/8/8/PPPPPPPP/RNBQKBNR w KQkq - 0 1,e4,,,solid italian alternative black,italian_game,,OCP::00_Openings_Defences::alternative OCP::00_Openings_Defences::black OCP::00_Openings_Defences::italian OCP::00_Openings_Defences::Italian_Game OCP::00_Openings_Defences::solid
opening_00033 Hungarian Defense,rnbqkbnr/pppppppp/8/8/4P3/8/PPPP1PPP/RNBQKBNR b KQkq - 0 1,e5,,,solid italian alternative black,italian_game,,OCP::00_Openings_Defences::alternative OCP::00_Openings_Defences::black OCP::00_Openings_Defences::italian OCP::00_Openings_Defences::Italian_Game OCP::00_Openings_Defences::solid
opening_00034 Hungarian Defense,rnbqkbnr/pppp1ppp/8/4p3/4P3/8/PPPP1PPP/RNBQKBNR w KQkq - 0 2,Nf3,,,solid italian alternative black,italian_game,,OCP::00_Openings_Defences::alternative OCP::00_Openings_Defences::black OCP::00_Openings_Defences::italian OCP::00_Openings_Defences::Italian_Game OCP::00_Openings_Defences::solid
opening_00035 Hungarian Defense,rnbqkbnr/pppp1ppp/8/4p3/4P3/5N2/PPPP1PPP/RNBQKB1R b KQkq - 1 2,Nc6,,,solid italian alternative black,italian_game,,OCP::00_Openings_Defences::alternative OCP::00_Openings_Defences::black OCP::00_Openings_Defences::italian OCP::00_Openings_Defences::Italian_Game OCP::00_Openings_Defences::solid
opening_00036 Hungarian Defense,r1bqkbnr/pppp1ppp/2n5/4p3/4P3/5N2/PPPP1PPP/RNBQKB1R w KQkq - 2 3,Bc4,,,solid italian alternative black,italian_game,,OCP::00_Openings_Defences::alternative OCP::00_Openings_Defences::black OCP::00_Openings_Defences::italian OCP::00_Openings_Defences::Italian_Game OCP::00_Openings_Defences::solid
opening_00037 Hungarian Defense,r1bqkbnr/pppp1ppp/2n5/4p3/2B1P3/5N2/PPPP1PPP/RNBQK2R b KQkq - 3 3,Be7,,,solid italian alternative black,italian_game,,OCP::00_Openings_Defences::alternative OCP::00_Openings_Defences::black OCP::00_Openings_Defences::italian OCP::00_Openings_Defences::Italian_Game OCP::00_Openings_Defences::solid
opening_00038 Evans Gambit,rnbqkbnr/pppppppp/8/8/8/8/PPPPPPPP/RNBQKBNR w KQkq - 0 1,e4,,,aggressive gambit white,italian_game,,OCP::00_Openings_Defences::aggressive OCP::00_Openings_Defences::gambit OCP::00_Openings_Defences::Italian_Game OCP::00_Openings_Defences::white
opening_00039 Evans Gambit,rnbqkbnr/pppppppp/8/8/4P3/8/PPPP1PPP/RNBQKBNR b KQkq - 0 1,e5,,,aggressive gambit white,italian_game,,OCP::00_Openings_Defences::aggressive OCP::00_Openings_Defences::gambit OCP::00_Openings_Defences::Italian_Game OCP::00_Openings_Defences::white
opening_00040 Evans Gambit,rnbqkbnr/pppp1ppp/8/4p3/4P3/8/PPPP1PPP/RNBQKBNR w KQkq - 0 2,Nf3,,,aggressive gambit white,italian_game,,OCP::00_Openings_Defences::aggressive OCP::00_Openings_Defences::gambit OCP::00_Openings_Defences::Italian_Game OCP::00_Openings_Defences::white
opening_00041 Evans Gambit,rnbqkbnr/pppp1ppp/8/4p3/4P3/5N2/PPPP1PPP/RNBQKB1R b KQkq - 1 2,Nc6,,,aggressive gambit white,italian_game,,OCP::00_Openings_Defences::aggressive OCP::00_Openings_Defences::gambit OCP::00_Openings_Defences::Italian_Game OCP::00_Openings_Defences::white
opening_00042 Evans Gambit,r1bqkbnr/pppp1ppp/2n5/4p3/4P3/5N2/PPPP1PPP/RNBQKB1R w KQkq - 2 3,Bc4,,,aggressive gambit white,italian_game,,OCP::00_Openings_Defences::aggressive OCP::00_Openings_Defences::gambit OCP::00_Openings_Defences::Italian_Game OCP::00_Openings_Defences::white
opening_00043 Evans Gambit,r1bqkbnr/pppp1ppp/2n5/4p3/2B1P3/5N2/PPPP1PPP/RNBQK2R b KQkq - 3 3,Bc5,,,aggressive gambit white,italian_game,,OCP::00_Openings_Defences::aggressive OCP::00_Openings_Defences::gambit OCP::00_Openings_Defences::Italian_Game OCP::00_Openings_Defences::white
opening_00044 Evans Gambit,r1bqk1nr/pppp1ppp/2n5/2b1p3/2B1P3/5N2/PPPP1PPP/RNBQK2R w KQkq - 4 4,b4,,,aggressive gambit white,italian_game,,OCP::00_Openings_Defences::aggressive OCP::00_Openings_Defences::gambit OCP::00_Openings_Defences::Italian_Game OCP::00_Openings_Defences::white
opening_00045 Italian Game - Pianissimo,rnbqkbnr/pppppppp/8/8/8/8/PPPPPPPP/RNBQKBNR w KQkq - 0 1,e4,,,slow positional white,italian_game,,OCP::00_Openings_Defences::Italian_Game OCP::00_Openings_Defences::positional OCP::00_Openings_Defences::slow OCP::00_Openings_Defences::white
opening_00046 Italian Game - Pianissimo,rnbqkbnr/pppppppp/8/8/4P3/8/PPPP1PPP/RNBQKBNR b KQkq - 0 1,e5,,,slow positional white,italian_game,,OCP::00_Openings_Defences::Italian_Game OCP::00_Openings_Defences::positional OCP::00_Openings_Defences::slow OCP::00_Openings_Defences::white
opening_00047 Italian Game - Pianissimo,rnbqkbnr/pppp1ppp/8/4p3/4P3/8/PPPP1PPP/RNBQKBNR w KQkq - 0 2,Nf3,,,slow positional white,italian_game,,OCP::00_Openings_Defences::Italian_Game OCP::00_Openings_Defences::positional OCP::00_Openings_Defences::slow OCP::00_Openings_Defences::white
opening_00048 Italian Game - Pianissimo,rnbqkbnr/pppp1ppp/8/4p3/4P3/5N2/PPPP1PPP/RNBQKB1R b KQkq - 1 2,Nc6,,,slow positional white,italian_game,,OCP::00_Openings_Defences::Italian_Game OCP::00_Openings_Defences::positional OCP::00_Openings_Defences::slow OCP::00_Openings_Defences::white
opening_00049 Italian Game - Pianissimo,r1bqkbnr/pppp1ppp/2n5/4p3/4P3/5N2/PPPP1PPP/RNBQKB1R w KQkq - 2 3,Bc4,,,slow positional white,italian_game,,OCP::00_Openings_Defences::Italian_Game OCP::00_Openings_Defences::positional OCP::00_Openings_Defences::slow OCP::00_Openings_Defences::white
opening_00050 Italian Game - Pianissimo,r1bqkbnr/pppp1ppp/2n5/4p3/2B1P3/5N2/PPPP1PPP/RNBQK2R b KQkq - 3 3,Bc5,,,slow positional white,italian_game,,OCP::00_Openings_Defences::Italian_Game OCP::00_Openings_Defences::positional OCP::00_Openings_Defences::slow OCP::00_Openings_Defences::white
opening_00051 Italian Game - Pianissimo,r1bqk1nr/pppp1ppp/2n5/2b1p3/2B1P3/5N2/PPPP1PPP/RNBQK2R w KQkq - 4 4,d3,,,slow positional white,italian_game,,OCP::00_Openings_Defences::Italian_Game OCP::00_Openings_Defences::positional OCP::00_Openings_Defences::slow OCP::00_Openings_Defences::white
opening_00052 Italian Game - Pianissimo,r1bqk1nr/pppp1ppp/2n5/2b1p3/2B1P3/3P1N2/PPP2PPP/RNBQK2R b KQkq - 0 4,Nf6,,,slow positional white,italian_game,,OCP::00_Openings_Defences::Italian_Game OCP::00_Openings_Defences::positional OCP::00_Openings_Defences::slow OCP::00_Openings_Defences::white
opening_00053 Italian Game - Pianissimo,r1bqk2r/pppp1ppp/2n2n2/2b1p3/2B1P3/3P1N2/PPP2PPP/RNBQK2R w KQkq - 1 5,c3,,,slow positional white,italian_game,,OCP::00_Openings_Defences::Italian_Game OCP::00_Openings_Defences::positional OCP::00_Openings_Defences::slow OCP::00_Openings_Defences::white
opening_00054 London System,rnbqkbnr/pppppppp/8/8/8/8/PPPPPPPP/RNBQKBNR w KQkq - 0 1,d4,,,system mainline white,london_system,,OCP::00_Openings_Defences::London_System OCP::00_Openings_Defences::mainline OCP::00_Openings_Defences::system OCP::00_Openings_Defences::white
opening_00055 London System,rnbqkbnr/pppppppp/8/8/3P4/8/PPP1PPPP/RNBQKBNR b KQkq - 0 1,d5,,,system mainline white,london_system,,OCP::00_Openings_Defences::London_System OCP::00_Openings_Defences::mainline OCP::00_Openings_Defences::system OCP::00_Openings_Defences::white
opening_00056 London System,rnbqkbnr/ppp1pppp/8/3p4/3P4/8/PPP1PPPP/RNBQKBNR w KQkq - 0 2,Bf4,,,system mainline white,london_system,,OCP::00_Openings_Defences::London_System OCP::00_Openings_Defences::mainline OCP::00_Openings_Defences::system OCP::00_Openings_Defences::white
opening_00057 London System,rnbqkbnr/ppp1pppp/8/3p4/3P1B2/8/PPP1PPPP/RN1QKBNR b KQkq - 1 2,Nf6,,,system mainline white,london_system,,OCP::00_Openings_Defences::London_System OCP::00_Openings_Defences::mainline OCP::00_Openings_Defences::system OCP::00_Openings_Defences::white
opening_00058 London System,rnbqkb1r/ppp1pppp/5n2/3p4/3P1B2/8/PPP1PPPP/RN1QKBNR w KQkq - 2 3,e3,,,system mainline white,london_system,,OCP::00_Openings_Defences::London_System OCP::00_Openings_Defences::mainline OCP::00_Openings_Defences::system OCP::00_Openings_Defences::white
opening_00059 London System,rnbqkb1r/ppp1pppp/5n2/3p4/3P1B2/4P3/PPP2PPP/RN1QKBNR b KQkq - 0 3,c5,,,system mainline white,london_system,,OCP::00_Openings_Defences::London_System OCP::00_Openings_Defences::mainline OCP::00_Openings_Defences::system OCP::00_Openings_Defences::white
opening_00060 London System,rnbqkb1r/pp2pppp/5n2/2pp4/3P1B2/4P3/PPP2PPP/RN1QKBNR w KQkq - 0 4,c3,,,system mainline white,london_system,,OCP::00_Openings_Defences::London_System OCP::00_Openings_Defences::mainline OCP::00_Openings_Defences::system OCP::00_Openings_Defences::white
opening_00061 London System,rnbqkb1r/pp2pppp/5n2/2pp4/3P1B2/2P1P3/PP3PPP/RN1QKBNR b KQkq - 0 4,Nc6,,,system mainline white,london_system,,OCP::00_Openings_Defences::London_System OCP::00_Openings_Defences::mainline OCP::00_Openings_Defences::system OCP::00_Openings_Defences::white
opening_00062 London System,r1bqkb1r/pp2pppp/2n2n2/2pp4/3P1B2/2P1P3/PP3PPP/RN1QKBNR w KQkq - 1 5,Nf3,,,system mainline white,london_system,,OCP::00_Openings_Defences::London_System OCP::00_Openings_Defences::mainline OCP::00_Openings_Defences::system OCP::00_Openings_Defences::white
opening_00063 London Setup,rnbqkbnr/pppppppp/8/8/8/8/PPPPPPPP/RNBQKBNR w KQkq - 0 1,d4,,,flexible mainline white,london_system,,OCP::00_Openings_Defences::flexible OCP::00_Openings_Defences::London_System OCP::00_Openings_Defences::mainline OCP::00_Openings_Defences::white
opening_00064 London Setup,rnbqkbnr/pppppppp/8/8/3P4/8/PPP1PPPP/RNBQKBNR b KQkq - 0 1,Nf6,,,flexible mainline white,london_system,,OCP::00_Openings_Defences::flexible OCP::00_Openings_Defences::London_System OCP::00_Openings_Defences::mainline OCP::00_Openings_Defences::white
opening_00065 London Setup,rnbqkb1r/pppppppp/5n2/8/3P4/8/PPP1PPPP/RNBQKBNR w KQkq - 1 2,Bf4,,,flexible mainline white,london_system,,OCP::00_Openings_Defences::flexible OCP::00_Openings_Defences::London_System OCP::00_Openings_Defences::mainline OCP::00_Openings_Defences::white
opening_00066 London Setup,rnbqkb1r/pppppppp/5n2/8/3P1B2/8/PPP1PPPP/RN1QKBNR b KQkq - 2 2,e6,,,flexible mainline white,london_system,,OCP::00_Openings_Defences::flexible OCP::00_Openings_Defences::London_System OCP::00_Openings_Defences::mainline OCP::00_Openings_Defences::white
opening_00067 London Setup,rnbqkb1r/pppp1ppp/4pn2/8/3P1B2/8/PPP1PPPP/RN1QKBNR w KQkq - 0 3,e3,,,flexible mainline white,london_system,,OCP::00_Openings_Defences::flexible OCP::00_Openings_Defences::London_System OCP::00_Openings_Defences::mainline OCP::00_Openings_Defences::white
opening_00068 London Setup,rnbqkb1r/pppp1ppp/4pn2/8/3P1B2/4P3/PPP2PPP/RN1QKBNR b KQkq - 0 3,c5,,,flexible mainline white,london_system,,OCP::00_Openings_Defences::flexible OCP::00_Openings_Defences::London_System OCP::00_Openings_Defences::mainline OCP::00_Openings_Defences::white
opening_00069 London Setup,rnbqkb1r/pp1p1ppp/4pn2/2p5/3P1B2/4P3/PPP2PPP/RN1QKBNR w KQkq - 0 4,Nf3,,,flexible mainline white,london_system,,OCP::00_Openings_Defences::flexible OCP::00_Openings_Defences::London_System OCP::00_Openings_Defences::mainline OCP::00_Openings_Defences::white
opening_00070 London Setup,rnbqkb1r/pp1p1ppp/4pn2/2p5/3P1B2/4PN2/PPP2PPP/RN1QKB1R b KQkq - 1 4,Nc6,,,flexible mainline white,london_system,,OCP::00_Openings_Defences::flexible OCP::00_Openings_Defences::London_System OCP::00_Openings_Defences::mainline OCP::00_Openings_Defences::white
opening_00071 London Setup,r1bqkb1r/pp1p1ppp/2n1pn2/2p5/3P1B2/4PN2/PPP2PPP/RN1QKB1R w KQkq - 2 5,Nbd2,,,flexible mainline white,london_system,,OCP::00_Openings_Defences::flexible OCP::00_Openings_Defences::London_System OCP::00_Openings_Defences::mainline OCP::00_Openings_Defences::white
opening_00072 London Accelerated,rnbqkbnr/pppppppp/8/8/8/8/PPPPPPPP/RNBQKBNR w KQkq - 0 1,d4,,,rapid mainline white,london_system,,OCP::00_Openings_Defences::London_System OCP::00_Openings_Defences::mainline OCP::00_Openings_Defences::rapid OCP::00_Openings_Defences::white
opening_00073 London Accelerated,rnbqkbnr/pppppppp/8/8/3P4/8/PPP1PPPP/RNBQKBNR b KQkq - 0 1,d5,,,rapid mainline white,london_system,,OCP::00_Openings_Defences::London_System OCP::00_Openings_Defences::mainline OCP::00_Openings_Defences::rapid OCP::00_Openings_Defences::white
opening_00074 London Accelerated,rnbqkbnr/ppp1pppp/8/3p4/3P4/8/PPP1PPPP/RNBQKBNR w KQkq - 0 2,Bf4,,,rapid mainline white,london_system,,OCP::00_Openings_Defences::London_System OCP::00_Openings_Defences::mainline OCP::00_Openings_Defences::rapid OCP::00_Openings_Defences::white
opening_00075 London Accelerated,rnbqkbnr/ppp1pppp/8/3p4/3P1B2/8/PPP1PPPP/RN1QKBNR b KQkq - 1 2,c5,,,rapid mainline white,london_system,,OCP::00_Openings_Defences::London_System OCP::00_Openings_Defences::mainline OCP::00_Openings_Defences::rapid OCP::00_Openings_Defences::white
opening_00076 London Accelerated,rnbqkbnr/pp2pppp/8/2pp4/3P1B2/8/PPP1PPPP/RN1QKBNR w KQkq - 0 3,e3,,,rapid mainline white,london_system,,OCP::00_Openings_Defences::London_System OCP::00_Openings_Defences::mainline OCP::00_Openings_Defences::rapid OCP::00_Openings_Defences::white
opening_00077 London Accelerated,rnbqkbnr/pp2pppp/8/2pp4/3P1B2/4P3/PPP2PPP/RN1QKBNR b KQkq - 0 3,Nc6,,,rapid mainline white,london_system,,OCP::00_Openings_Defences::London_System OCP::00_Openings_Defences::mainline OCP::00_Openings_Defences::rapid OCP::00_Openings_Defences::white
opening_00078 London Accelerated,r1bqkbnr/pp2pppp/2n5/2pp4/3P1B2/4P3/PPP2PPP/RN1QKBNR w KQkq - 1 4,c3,,,rapid mainline white,london_system,,OCP::00_Openings_Defences::London_System OCP::00_Openings_Defences::mainline OCP::00_Openings_Defences::rapid OCP::00_Openings_Defences::white
opening_00079 London Accelerated,r1bqkbnr/pp2pppp/2n5/2pp4/3P1B2/2P1P3/PP3PPP/RN1QKBNR b KQkq - 0 4,Nf6,,,rapid mainline white,london_system,,OCP::00_Openings_Defences::London_System OCP::00_Openings_Defences::mainline OCP::00_Openings_Defences::rapid OCP::00_Openings_Defences::white
opening_00080 London Accelerated,r1bqkb1r/pp2pppp/2n2n2/2pp4/3P1B2/2P1P3/PP3PPP/RN1QKBNR w KQkq - 1 5,Nf3,,,rapid mainline white,london_system,,OCP::00_Openings_Defences::London_System OCP::00_Openings_Defences::mainline OCP::00_Openings_Defences::rapid OCP::00_Openings_Defences::white
opening_00081 London vs King&#x27;s Indian,rnbqkbnr/pppppppp/8/8/8/8/PPPPPPPP/RNBQKBNR w KQkq - 0 1,d4,,,flexible setup white,london_system,,OCP::00_Openings_Defences::flexible OCP::00_Openings_Defences::London_System OCP::00_Openings_Defences::setup OCP::00_Openings_Defences::white
opening_00082 London vs King&#x27;s Indian,rnbqkbnr/pppppppp/8/8/3P4/8/PPP1PPPP/RNBQKBNR b KQkq - 0 1,Nf6,,,flexible setup white,london_system,,OCP::00_Openings_Defences::flexible OCP::00_Openings_Defences::London_System OCP::00_Openings_Defences::setup OCP::00_Openings_Defences::white
opening_00083 London vs King&#x27;s Indian,rnbqkb1r/pppppppp/5n2/8/3P4/8/PPP1PPPP/RNBQKBNR w KQkq - 1 2,Bf4,,,flexible setup white,london_system,,OCP::00_Openings_Defences::flexible OCP::00_Openings_Defences::London_System OCP::00_Openings_Defences::setup OCP::00_Openings_Defences::white
opening_00084 London vs King&#x27;s Indian,rnbqkb1r/pppppppp/5n2/8/3P1B2/8/PPP1PPPP/RN1QKBNR b KQkq - 2 2,g6,,,flexible setup white,london_system,,OCP::00_Openings_Defences::flexible OCP::00_Openings_Defences::London_System OCP::00_Openings_Defences::setup OCP::00_Openings_Defences::white
opening_00085 London vs King&#x27;s Indian,rnbqkb1r/pppppp1p/5np1/8/3P1B2/8/PPP1PPPP/RN1QKBNR w KQkq - 0 3,e3,,,flexible setup white,london_system,,OCP::00_Openings_Defences::flexible OCP::00_Openings_Defences::London_System OCP::00_Openings_Defences::setup OCP::00_Openings_Defences::white
opening_00086 London vs King&#x27;s Indian,rnbqkb1r/pppppp1p/5np1/8/3P1B2/4P3/PPP2PPP/RN1QKBNR b KQkq - 0 3,Bg7,,,flexible setup white,london_system,,OCP::00_Openings_Defences::flexible OCP::00_Openings_Defences::London_System OCP::00_Openings_Defences::setup OCP::00_Openings_Defences::white
opening_00087 London vs King&#x27;s Indian,rnbqk2r/ppppppbp/5np1/8/3P1B2/4P3/PPP2PPP/RN1QKBNR w KQkq - 1 4,Nf3,,,flexible setup white,london_system,,OCP::00_Openings_Defences::flexible OCP::00_Openings_Defences::London_System OCP::00_Openings_Defences::setup OCP::00_Openings_Defences::white
opening_00088 London vs King&#x27;s Indian,rnbqk2r/ppppppbp/5np1/8/3P1B2/4PN2/PPP2PPP/RN1QKB1R b KQkq - 2 4,O-O,,,flexible setup white,london_system,,OCP::00_Openings_Defences::flexible OCP::00_Openings_Defences::London_System OCP::00_Openings_Defences::setup OCP::00_Openings_Defences::white
opening_00089 London vs King&#x27;s Indian,rnbq1rk1/ppppppbp/5np1/8/3P1B2/4PN2/PPP2PPP/RN1QKB1R w KQ - 3 5,Be2,,,flexible setup white,london_system,,OCP::00_Openings_Defences::flexible OCP::00_Openings_Defences::London_System OCP::00_Openings_Defences::setup OCP::00_Openings_Defences::white
opening_00090 London vs King&#x27;s Indian,rnbq1rk1/ppppppbp/5np1/8/3P1B2/4PN2/PPP1BPPP/RN1QK2R b KQ - 4 5,d6,,,flexible setup white,london_system,,OCP::00_Openings_Defences::flexible OCP::00_Openings_Defences::London_System OCP::00_Openings_Defences::setup OCP::00_Openings_Defences::white
opening_00091 London vs King&#x27;s Indian,rnbq1rk1/ppp1ppbp/3p1np1/8/3P1B2/4PN2/PPP1BPPP/RN1QK2R w KQ - 0 6,h3,,,flexible setup white,london_system,,OCP::00_Openings_Defences::flexible OCP::00_Openings_Defences::London_System OCP::00_Openings_Defences::setup OCP::00_Openings_Defences::white
opening_00092 Barry Attack,rnbqkbnr/pppppppp/8/8/8/8/PPPPPPPP/RNBQKBNR w KQkq - 0 1,d4,,,aggressive system white,london_system,,OCP::00_Openings_Defences::aggressive OCP::00_Openings_Defences::London_System OCP::00_Openings_Defences::system OCP::00_Openings_Defences::white
opening_00093 Barry Attack,rnbqkbnr/pppppppp/8/8/3P4/8/PPP1PPPP/RNBQKBNR b KQkq - 0 1,Nf6,,,aggressive system white,london_system,,OCP::00_Openings_Defences::aggressive OCP::00_Openings_Defences::London_System OCP::00_Openings_Defences::system OCP::00_Openings_Defences::white
opening_00094 Barry Attack,rnbqkb1r/pppppppp/5n2/8/3P4/8/PPP1PPPP/RNBQKBNR w KQkq - 1 2,Nf3,,,aggressive system white,london_system,,OCP::00_Openings_Defences::aggressive OCP::00_Openings_Defences::London_System OCP::00_Openings_Defences::system OCP::00_Openings_Defences::white
opening_00095 Barry Attack,rnbqkb1r/pppppppp/5n2/8/3P4/5N2/PPP1PPPP/RNBQKB1R b KQkq - 2 2,g6,,,aggressive system white,london_system,,OCP::00_Openings_Defences::aggressive OCP::00_Openings_Defences::London_System OCP::00_Openings_Defences::system OCP::00_Openings_Defences::white
opening_00096 Barry Attack,rnbqkb1r/pppppp1p/5np1/8/3P4/5N2/PPP1PPPP/RNBQKB1R w KQkq - 0 3,Nc3,,,aggressive system white,london_system,,OCP::00_Openings_Defences::aggressive OCP::00_Openings_Defences::London_System OCP::00_Openings_Defences::system OCP::00_Openings_Defences::white
opening_00097 Barry Attack,rnbqkb1r/pppppp1p/5np1/8/3P4/2N2N2/PPP1PPPP/R1BQKB1R b KQkq - 1 3,d5,,,aggressive system white,london_system,,OCP::00_Openings_Defences::aggressive OCP::00_Openings_Defences::London_System OCP::00_Openings_Defences::system OCP::00_Openings_Defences::white
opening_00098 Barry Attack,rnbqkb1r/ppp1pp1p/5np1/3p4/3P4/2N2N2/PPP1PPPP/R1BQKB1R w KQkq - 0 4,Bf4,,,aggressive system white,london_system,,OCP::00_Openings_Defences::aggressive OCP::00_Openings_Defences::London_System OCP::00_Openings_Defences::system OCP::00_Openings_Defences::white
opening_00099 Barry Attack,rnbqkb1r/ppp1pp1p/5np1/3p4/3P1B2/2N2N2/PPP1PPPP/R2QKB1R b KQkq - 1 4,Bg7,,,aggressive system white,london_system,,OCP::00_Openings_Defences::aggressive OCP::00_Openings_Defences::London_System OCP::00_Openings_Defences::system OCP::00_Openings_Defences::white
opening_00100 Barry Attack,rnbqk2r/ppp1ppbp/5np1/3p4/3P1B2/2N2N2/PPP1PPPP/R2QKB1R w KQkq - 2 5,e3,,,aggressive system white,london_system,,OCP::00_Openings_Defences::aggressive OCP::00_Openings_Defences::London_System OCP::00_Openings_Defences::system OCP::00_Openings_Defences::white
opening_00101 Barry Attack,rnbqk2r/ppp1ppbp/5np1/3p4/3P1B2/2N1PN2/PPP2PPP/R2QKB1R b KQkq - 0 5,O-O,,,aggressive system white,london_system,,OCP::00_Openings_Defences::aggressive OCP::00_Openings_Defences::London_System OCP::00_Openings_Defences::system OCP::00_Openings_Defences::white
opening_00102 Jobava London,rnbqkbnr/pppppppp/8/8/8/8/PPPPPPPP/RNBQKBNR w KQkq - 0 1,d4,,,knight first white,london_system,,OCP::00_Openings_Defences::first OCP::00_Openings_Defences::knight OCP::00_Openings_Defences::London_System OCP::00_Openings_Defences::white
opening_00103 Jobava London,rnbqkbnr/pppppppp/8/8/3P4/8/PPP1PPPP/RNBQKBNR b KQkq - 0 1,d5,,,knight first white,london_system,,OCP::00_Openings_Defences::first OCP::00_Openings_Defences::knight OCP::00_Openings_Defences::London_System OCP::00_Openings_Defences::white
opening_00104 Jobava London,rnbqkbnr/ppp1pppp/8/3p4/3P4/8/PPP1PPPP/RNBQKBNR w KQkq - 0 2,Nc3,,,knight first white,london_system,,OCP::00_Openings_Defences::first OCP::00_Openings_Defences::knight OCP::00_Openings_Defences::London_System OCP::00_Openings_Defences::white
opening_00105 Jobava London,rnbqkbnr/ppp1pppp/8/3p4/3P4/2N5/PPP1PPPP/R1BQKBNR b KQkq - 1 2,Nf6,,,knight first white,london_system,,OCP::00_Openings_Defences::first OCP::00_Openings_Defences::knight OCP::00_Openings_Defences::London_System OCP::00_Openings_Defences::white
opening_00106 Jobava London,rnbqkb1r/ppp1pppp/5n2/3p4/3P4/2N5/PPP1PPPP/R1BQKBNR w KQkq - 2 3,Bf4,,,knight first white,london_system,,OCP::00_Openings_Defences::first OCP::00_Openings_Defences::knight OCP::00_Openings_Defences::London_System OCP::00_Openings_Defences::white
opening_00107 Jobava London,rnbqkb1r/ppp1pppp/5n2/3p4/3P1B2/2N5/PPP1PPPP/R2QKBNR b KQkq - 3 3,e6,,,knight first white,london_system,,OCP::00_Openings_Defences::first OCP::00_Openings_Defences::knight OCP::00_Openings_Defences::London_System OCP::00_Openings_Defences::white
opening_00108 Jobava London,rnbqkb1r/ppp2ppp/4pn2/3p4/3P1B2/2N5/PPP1PPPP/R2QKBNR w KQkq - 0 4,e3,,,knight first white,london_system,,OCP::00_Openings_Defences::first OCP::00_Openings_Defences::knight OCP::00_Openings_Defences::London_System OCP::00_Openings_Defences::white
opening_00109 Jobava London,rnbqkb1r/ppp2ppp/4pn2/3p4/3P1B2/2N1P3/PPP2PPP/R2QKBNR b KQkq - 0 4,Be7,,,knight first white,london_system,,OCP::00_Openings_Defences::first OCP::00_Openings_Defences::knight OCP::00_Openings_Defences::London_System OCP::00_Openings_Defences::white
opening_00110 Jobava London,rnbqk2r/ppp1bppp/4pn2/3p4/3P1B2/2N1P3/PPP2PPP/R2QKBNR w KQkq - 1 5,Nf3,,,knight first white,london_system,,OCP::00_Openings_Defences::first OCP::00_Openings_Defences::knight OCP::00_Openings_Defences::London_System OCP::00_Openings_Defences::white
opening_00111 Spanish Game Ruy Lopez,rnbqkbnr/pppppppp/8/8/8/8/PPPPPPPP/RNBQKBNR w KQkq - 0 1,e4,,,classical mainline white,spanish_game,,OCP::00_Openings_Defences::classical OCP::00_Openings_Defences::mainline OCP::00_Openings_Defences::spanish_game OCP::00_Openings_Defences::white
opening_00112 Spanish Game Ruy Lopez,rnbqkbnr/pppppppp/8/8/4P3/8/PPPP1PPP/RNBQKBNR b KQkq - 0 1,e5,,,classical mainline white,spanish_game,,OCP::00_Openings_Defences::classical OCP::00_Openings_Defences::mainline OCP::00_Openings_Defences::spanish_game OCP::00_Openings_Defences::white
opening_00113 Spanish Game Ruy Lopez,rnbqkbnr/pppp1ppp/8/4p3/4P3/8/PPPP1PPP/RNBQKBNR w KQkq - 0 2,Nf3,,,classical mainline white,spanish_game,,OCP::00_Openings_Defences::classical OCP::00_Openings_Defences::mainline OCP::00_Openings_Defences::spanish_game OCP::00_Openings_Defences::white
opening_00114 Spanish Game Ruy Lopez,rnbqkbnr/pppp1ppp/8/4p3/4P3/5N2/PPPP1PPP/RNBQKB1R b KQkq - 1 2,Nc6,,,classical mainline white,spanish_game,,OCP::00_Openings_Defences::classical OCP::00_Openings_Defences::mainline OCP::00_Openings_Defences::spanish_game OCP::00_Openings_Defences::white
opening_00115 Spanish Game Ruy Lopez,r1bqkbnr/pppp1ppp/2n5/4p3/4P3/5N2/PPPP1PPP/RNBQKB1R w KQkq - 2 3,Bb5,,,classical mainline white,spanish_game,,OCP::00_Openings_Defences::classical OCP::00_Openings_Defences::mainline OCP::00_Openings_Defences::spanish_game OCP::00_Openings_Defences::white
opening_00116 Spanish Game Ruy Lopez,r1bqkbnr/pppp1ppp/2n5/1B2p3/4P3/5N2/PPPP1PPP/RNBQK2R b KQkq - 3 3,a6,,,classical mainline white,spanish_game,,OCP::00_Openings_Defences::classical OCP::00_Openings_Defences::mainline OCP::00_Openings_Defences::spanish_game OCP::00_Openings_Defences::white
opening_00117 Spanish Game Ruy Lopez,r1bqkbnr/1ppp1ppp/p1n5/1B2p3/4P3/5N2/PPPP1PPP/RNBQK2R w KQkq - 0 4,Ba4,,,classical mainline white,spanish_game,,OCP::00_Openings_Defences::classical OCP::00_Openings_Defences::mainline OCP::00_Openings_Defences::spanish_game OCP::00_Openings_Defences::white
opening_00118 Spanish Game Ruy Lopez,r1bqkbnr/1ppp1ppp/p1n5/4p3/B3P3/5N2/PPPP1PPP/RNBQK2R b KQkq - 1 4,Nf6,,,classical mainline white,spanish_game,,OCP::00_Openings_Defences::classical OCP::00_Openings_Defences::mainline OCP::00_Openings_Defences::spanish_game OCP::00_Openings_Defences::white
opening_00119 Spanish Game Ruy Lopez,r1bqkb1r/1ppp1ppp/p1n2n2/4p3/B3P3/5N2/PPPP1PPP/RNBQK2R w KQkq - 2 5,O-O,,,classical mainline white,spanish_game,,OCP::00_Openings_Defences::classical OCP::00_Openings_Defences::mainline OCP::00_Openings_Defences::spanish_game OCP::00_Openings_Defences::white
opening_00120 Spanish Morphy,rnbqkbnr/pppppppp/8/8/8/8/PPPPPPPP/RNBQKBNR w KQkq - 0 1,e4,,,retreat mainline white,spanish_game,,OCP::00_Openings_Defences::mainline OCP::00_Openings_Defences::retreat OCP::00_Openings_Defences::spanish_game OCP::00_Openings_Defences::white
opening_00121 Spanish Morphy,rnbqkbnr/pppppppp/8/8/4P3/8/PPPP1PPP/RNBQKBNR b KQkq - 0 1,e5,,,retreat mainline white,spanish_game,,OCP::00_Openings_Defences::mainline OCP::00_Openings_Defences::retreat OCP::00_Openings_Defences::spanish_game OCP::00_Openings_Defences::white
opening_00122 Spanish Morphy,rnbqkbnr/pppp1ppp/8/4p3/4P3/8/PPPP1PPP/RNBQKBNR w KQkq - 0 2,Nf3,,,retreat mainline white,spanish_game,,OCP::00_Openings_Defences::mainline OCP::00_Openings_Defences::retreat OCP::00_Openings_Defences::spanish_game OCP::00_Openings_Defences::white
opening_00123 Spanish Morphy,rnbqkbnr/pppp1ppp/8/4p3/4P3/5N2/PPPP1PPP/RNBQKB1R b KQkq - 1 2,Nc6,,,retreat mainline white,spanish_game,,OCP::00_Openings_Defences::mainline OCP::00_Openings_Defences::retreat OCP::00_Openings_Defences::spanish_game OCP::00_Openings_Defences::white
opening_00124 Spanish Morphy,r1bqkbnr/pppp1ppp/2n5/4p3/4P3/5N2/PPPP1PPP/RNBQKB1R w KQkq - 2 3,Bb5,,,retreat mainline white,spanish_game,,OCP::00_Openings_Defences::mainline OCP::00_Openings_Defences::retreat OCP::00_Openings_Defences::spanish_game OCP::00_Openings_Defences::white
opening_00125 Spanish Morphy,r1bqkbnr/pppp1ppp/2n5/1B2p3/4P3/5N2/PPPP1PPP/RNBQK2R b KQkq - 3 3,a6,,,retreat mainline white,spanish_game,,OCP::00_Openings_Defences::mainline OCP::00_Openings_Defences::retreat OCP::00_Openings_Defences::spanish_game OCP::00_Openings_Defences::white
opening_00126 Spanish Morphy,r1bqkbnr/1ppp1ppp/p1n5/1B2p3/4P3/5N2/PPPP1PPP/RNBQK2R w KQkq - 0 4,Ba4,,,retreat mainline white,spanish_game,,OCP::00_Openings_Defences::mainline OCP::00_Openings_Defences::retreat OCP::00_Openings_Defences::spanish_game OCP::00_Openings_Defences::white
opening_00127 Spanish Morphy,r1bqkbnr/1ppp1ppp/p1n5/4p3/B3P3/5N2/PPPP1PPP/RNBQK2R b KQkq - 1 4,Nf6,,,retreat mainline white,spanish_game,,OCP::00_Openings_Defences::mainline OCP::00_Openings_Defences::retreat OCP::00_Openings_Defences::spanish_game OCP::00_Openings_Defences::white
opening_00128 Spanish Morphy,r1bqkb1r/1ppp1ppp/p1n2n2/4p3/B3P3/5N2/PPPP1PPP/RNBQK2R w KQkq - 2 5,O-O,,,retreat mainline white,spanish_game,,OCP::00_Openings_Defences::mainline OCP::00_Openings_Defences::retreat OCP::00_Openings_Defences::spanish_game OCP::00_Openings_Defences::white
opening_00129 Spanish Morphy,r1bqkb1r/1ppp1ppp/p1n2n2/4p3/B3P3/5N2/PPPP1PPP/RNBQ1RK1 b kq - 3 5,Be7,,,retreat mainline white,spanish_game,,OCP::00_Openings_Defences::mainline OCP::00_Openings_Defences::retreat OCP::00_Openings_Defences::spanish_game OCP::00_Openings_Defences::white
opening_00130 Spanish Morphy,r1bqk2r/1pppbppp/p1n2n2/4p3/B3P3/5N2/PPPP1PPP/RNBQ1RK1 w kq - 4 6,Re1,,,retreat mainline white,spanish_game,,OCP::00_Openings_Defences::mainline OCP::00_Openings_Defences::retreat OCP::00_Openings_Defences::spanish_game OCP::00_Openings_Defences::white
opening_00131 Spanish Closed,rnbqkbnr/pppppppp/8/8/8/8/PPPPPPPP/RNBQKBNR w KQkq - 0 1,e4,,,closed setup black,spanish_game,,OCP::00_Openings_Defences::black OCP::00_Openings_Defences::closed OCP::00_Openings_Defences::setup OCP::00_Openings_Defences::spanish_game
opening_00132 Spanish Closed,rnbqkbnr/pppppppp/8/8/4P3/8/PPPP1PPP/RNBQKBNR b KQkq - 0 1,e5,,,closed setup black,spanish_game,,OCP::00_Openings_Defences::black OCP::00_Openings_Defences::closed OCP::00_Openings_Defences::setup OCP::00_Openings_Defences::spanish_game
opening_00133 Spanish Closed,rnbqkbnr/pppp1ppp/8/4p3/4P3/8/PPPP1PPP/RNBQKBNR w KQkq - 0 2,Nf3,,,closed setup black,spanish_game,,OCP::00_Openings_Defences::black OCP::00_Openings_Defences::closed OCP::00_Openings_Defences::setup OCP::00_Openings_Defences::spanish_game
opening_00134 Spanish Closed,rnbqkbnr/pppp1ppp/8/4p3/4P3/5N2/PPPP1PPP/RNBQKB1R b KQkq - 1 2,Nc6,,,closed setup black,spanish_game,,OCP::00_Openings_Defences::black OCP::00_Openings_Defences::closed OCP::00_Openings_Defences::setup OCP::00_Openings_Defences::spanish_game
opening_00135 Spanish Closed,r1bqkbnr/pppp1ppp/2n5/4p3/4P3/5N2/PPPP1PPP/RNBQKB1R w KQkq - 2 3,Bb5,,,closed setup black,spanish_game,,OCP::00_Openings_Defences::black OCP::00_Openings_Defences::closed OCP::00_Openings_Defences::setup OCP::00_Openings_Defences::spanish_game
opening_00136 Spanish Closed,r1bqkbnr/pppp1ppp/2n5/1B2p3/4P3/5N2/PPPP1PPP/RNBQK2R b KQkq - 3 3,a6,,,closed setup black,spanish_game,,OCP::00_Openings_Defences::black OCP::00_Openings_Defences::closed OCP::00_Openings_Defences::setup OCP::00_Openings_Defences::spanish_game
opening_00137 Spanish Closed,r1bqkbnr/1ppp1ppp/p1n5/1B2p3/4P3/5N2/PPPP1PPP/RNBQK2R w KQkq - 0 4,Ba4,,,closed setup black,spanish_game,,OCP::00_Openings_Defences::black OCP::00_Openings_Defences::closed OCP::00_Openings_Defences::setup OCP::00_Openings_Defences::spanish_game
opening_00138 Spanish Closed,r1bqkbnr/1ppp1ppp/p1n5/4p3/B3P3/5N2/PPPP1PPP/RNBQK2R b KQkq - 1 4,Nf6,,,closed setup black,spanish_game,,OCP::00_Openings_Defences::black OCP::00_Openings_Defences::closed OCP::00_Openings_Defences::setup OCP::00_Openings_Defences::spanish_game
opening_00139 Spanish Closed,r1bqkb1r/1ppp1ppp/p1n2n2/4p3/B3P3/5N2/PPPP1PPP/RNBQK2R w KQkq - 2 5,O-O,,,closed setup black,spanish_game,,OCP::00_Openings_Defences::black OCP::00_Openings_Defences::closed OCP::00_Openings_Defences::setup OCP::00_Openings_Defences::spanish_game
opening_00140 Spanish Closed,r1bqkb1r/1ppp1ppp/p1n2n2/4p3/B3P3/5N2/PPPP1PPP/RNBQ1RK1 b kq - 3 5,Be7,,,closed setup black,spanish_game,,OCP::00_Openings_Defences::black OCP::00_Openings_Defences::closed OCP::00_Openings_Defences::setup OCP::00_Openings_Defences::spanish_game
opening_00141 Spanish Closed,r1bqk2r/1pppbppp/p1n2n2/4p3/B3P3/5N2/PPPP1PPP/RNBQ1RK1 w kq - 4 6,Re1,,,closed setup black,spanish_game,,OCP::00_Openings_Defences::black OCP::00_Openings_Defences::closed OCP::00_Openings_Defences::setup OCP::00_Openings_Defences::spanish_game
opening_00142 Spanish Closed,r1bqk2r/1pppbppp/p1n2n2/4p3/B3P3/5N2/PPPP1PPP/RNBQR1K1 b kq - 5 6,b5,,,closed setup black,spanish_game,,OCP::00_Openings_Defences::black OCP::00_Openings_Defences::closed OCP::00_Openings_Defences::setup OCP::00_Openings_Defences::spanish_game
opening_00143 Spanish Closed,r1bqk2r/2ppbppp/p1n2n2/1p2p3/B3P3/5N2/PPPP1PPP/RNBQR1K1 w kq - 0 7,Bb3,,,closed setup black,spanish_game,,OCP::00_Openings_Defences::black OCP::00_Openings_Defences::closed OCP::00_Openings_Defences::setup OCP::00_Openings_Defences::spanish_game
opening_00144 Spanish Italian Defense,rnbqkbnr/pppppppp/8/8/8/8/PPPPPPPP/RNBQKBNR w KQkq - 0 1,e4,,,aggressive counter black,spanish_game,,OCP::00_Openings_Defences::aggressive OCP::00_Openings_Defences::black OCP::00_Openings_Defences::counter OCP::00_Openings_Defences::spanish_game
opening_00145 Spanish Italian Defense,rnbqkbnr/pppppppp/8/8/4P3/8/PPPP1PPP/RNBQKBNR b KQkq - 0 1,e5,,,aggressive counter black,spanish_game,,OCP::00_Openings_Defences::aggressive OCP::00_Openings_Defences::black OCP::00_Openings_Defences::counter OCP::00_Openings_Defences::spanish_game
opening_00146 Spanish Italian Defense,rnbqkbnr/pppp1ppp/8/4p3/4P3/8/PPPP1PPP/RNBQKBNR w KQkq - 0 2,Nf3,,,aggressive counter black,spanish_game,,OCP::00_Openings_Defences::aggressive OCP::00_Openings_Defences::black OCP::00_Openings_Defences::counter OCP::00_Openings_Defences::spanish_game
opening_00147 Spanish Italian Defense,rnbqkbnr/pppp1ppp/8/4p3/4P3/5N2/PPPP1PPP/RNBQKB1R b KQkq - 1 2,Nc6,,,aggressive counter black,spanish_game,,OCP::00_Openings_Defences::aggressive OCP::00_Openings_Defences::black OCP::00_Openings_Defences::counter OCP::00_Openings_Defences::spanish_game
opening_00148 Spanish Italian Defense,r1bqkbnr/pppp1ppp/2n5/4p3/4P3/5N2/PPPP1PPP/RNBQKB1R w KQkq - 2 3,Bb5,,,aggressive counter black,spanish_game,,OCP::00_Openings_Defences::aggressive OCP::00_Openings_Defences::black OCP::00_Openings_Defences::counter OCP::00_Openings_Defences::spanish_game
opening_00149 Spanish Italian Defense,r1bqkbnr/pppp1ppp/2n5/1B2p3/4P3/5N2/PPPP1PPP/RNBQK2R b KQkq - 3 3,f5,,,aggressive counter black,spanish_game,,OCP::00_Openings_Defences::aggressive OCP::00_Openings_Defences::black OCP::00_Openings_Defences::counter OCP::00_Openings_Defences::spanish_game
opening_00150 Spanish Italian Defense,r1bqkbnr/pppp2pp/2n5/1B2pp2/4P3/5N2/PPPP1PPP/RNBQK2R w KQkq - 0 4,Nc3,,,aggressive counter black,spanish_game,,OCP::00_Openings_Defences::aggressive OCP::00_Openings_Defences::black OCP::00_Openings_Defences::counter OCP::00_Openings_Defences::spanish_game
opening_00151 Spanish Italian Defense,r1bqkbnr/pppp2pp/2n5/1B2pp2/4P3/2N2N2/PPPP1PPP/R1BQK2R b KQkq - 1 4,fxe4,,,aggressive counter black,spanish_game,,OCP::00_Openings_Defences::aggressive OCP::00_Openings_Defences::black OCP::00_Openings_Defences::counter OCP::00_Openings_Defences::spanish_game
opening_00152 Spanish Italian Defense,r1bqkbnr/pppp2pp/2n5/1B2p3/4p3/2N2N2/PPPP1PPP/R1BQK2R w KQkq - 0 5,Nxe4,,,aggressive counter black,spanish_game,,OCP::00_Openings_Defences::aggressive OCP::00_Openings_Defences::black OCP::00_Openings_Defences::counter OCP::00_Openings_Defences::spanish_game
opening_00153 Queen's Gambit,rnbqkbnr/pppppppp/8/8/8/8/PPPPPPPP/RNBQKBNR w KQkq - 0 1,d4,,,classical mainline white,queens_gambit,,OCP::00_Openings_Defences::classical OCP::00_Openings_Defences::mainline OCP::00_Openings_Defences::Queens_Gambit OCP::00_Openings_Defences::white
opening_00154 Queen&#x27;s Gambit,rnbqkbnr/pppppppp/8/8/3P4/8/PPP1PPPP/RNBQKBNR b KQkq - 0 1,d5,,,classical mainline white,queens_gambit,,OCP::00_Openings_Defences::classical OCP::00_Openings_Defences::mainline OCP::00_Openings_Defences::Queens_Gambit OCP::00_Openings_Defences::white
opening_00155 Queen&#x27;s Gambit,rnbqkbnr/ppp1pppp/8/3p4/3P4/8/PPP1PPPP/RNBQKBNR w KQkq - 0 2,c4,,,classical mainline white,queens_gambit,,OCP::00_Openings_Defences::classical OCP::00_Openings_Defences::mainline OCP::00_Openings_Defences::Queens_Gambit OCP::00_Openings_Defences::white
opening_00156 Queen&#x27;s Gambit,rnbqkbnr/ppp1pppp/8/3p4/2PP4/8/PP2PPPP/RNBQKBNR b KQkq - 0 2,e6,,,classical mainline white,queens_gambit,,OCP::00_Openings_Defences::classical OCP::00_Openings_Defences::mainline OCP::00_Openings_Defences::Queens_Gambit OCP::00_Openings_Defences::white
opening_00157 Queen&#x27;s Gambit,rnbqkbnr/ppp2ppp/4p3/3p4/2PP4/8/PP2PPPP/RNBQKBNR w KQkq - 0 3,Nc3,,,classical mainline white,queens_gambit,,OCP::00_Openings_Defences::classical OCP::00_Openings_Defences::mainline OCP::00_Openings_Defences::Queens_Gambit OCP::00_Openings_Defences::white
opening_00158 Queen&#x27;s Gambit,rnbqkbnr/ppp2ppp/4p3/3p4/2PP4/2N5/PP2PPPP/R1BQKBNR b KQkq - 1 3,Nf6,,,classical mainline white,queens_gambit,,OCP::00_Openings_Defences::classical OCP::00_Openings_Defences::mainline OCP::00_Openings_Defences::Queens_Gambit OCP::00_Openings_Defences::white
opening_00159 Queen&#x27;s Gambit,rnbqkb1r/ppp2ppp/4pn2/3p4/2PP4/2N5/PP2PPPP/R1BQKBNR w KQkq - 2 4,Nf3,,,classical mainline white,queens_gambit,,OCP::00_Openings_Defences::classical OCP::00_Openings_Defences::mainline OCP::00_Openings_Defences::Queens_Gambit OCP::00_Openings_Defences::white
opening_00160 QG Orthodox,rnbqkbnr/pppppppp/8/8/8/8/PPPPPPPP/RNBQKBNR w KQkq - 0 1,d4,,,pin mainline white,queens_gambit,,OCP::00_Openings_Defences::mainline OCP::00_Openings_Defences::pin OCP::00_Openings_Defences::Queens_Gambit OCP::00_Openings_Defences::white
opening_00161 QG Orthodox,rnbqkbnr/pppppppp/8/8/3P4/8/PPP1PPPP/RNBQKBNR b KQkq - 0 1,d5,,,pin mainline white,queens_gambit,,OCP::00_Openings_Defences::mainline OCP::00_Openings_Defences::pin OCP::00_Openings_Defences::Queens_Gambit OCP::00_Openings_Defences::white
opening_00162 QG Orthodox,rnbqkbnr/ppp1pppp/8/3p4/3P4/8/PPP1PPPP/RNBQKBNR w KQkq - 0 2,c4,,,pin mainline white,queens_gambit,,OCP::00_Openings_Defences::mainline OCP::00_Openings_Defences::pin OCP::00_Openings_Defences::Queens_Gambit OCP::00_Openings_Defences::white
opening_00163 QG Orthodox,rnbqkbnr/ppp1pppp/8/3p4/2PP4/8/PP2PPPP/RNBQKBNR b KQkq - 0 2,e6,,,pin mainline white,queens_gambit,,OCP::00_Openings_Defences::mainline OCP::00_Openings_Defences::pin OCP::00_Openings_Defences::Queens_Gambit OCP::00_Openings_Defences::white
opening_00164 QG Orthodox,rnbqkbnr/ppp2ppp/4p3/3p4/2PP4/8/PP2PPPP/RNBQKBNR w KQkq - 0 3,Nc3,,,pin mainline white,queens_gambit,,OCP::00_Openings_Defences::mainline OCP::00_Openings_Defences::pin OCP::00_Openings_Defences::Queens_Gambit OCP::00_Openings_Defences::white
opening_00165 QG Orthodox,rnbqkbnr/ppp2ppp/4p3/3p4/2PP4/2N5/PP2PPPP/R1BQKBNR b KQkq - 1 3,Nf6,,,pin mainline white,queens_gambit,,OCP::00_Openings_Defences::mainline OCP::00_Openings_Defences::pin OCP::00_Openings_Defences::Queens_Gambit OCP::00_Openings_Defences::white
opening_00166 QG Orthodox,rnbqkb1r/ppp2ppp/4pn2/3p4/2PP4/2N5/PP2PPPP/R1BQKBNR w KQkq - 2 4,Bg5,,,pin mainline white,queens_gambit,,OCP::00_Openings_Defences::mainline OCP::00_Openings_Defences::pin OCP::00_Openings_Defences::Queens_Gambit OCP::00_Openings_Defences::white
opening_00167 QG Orthodox,rnbqkb1r/ppp2ppp/4pn2/3p2B1/2PP4/2N5/PP2PPPP/R2QKBNR b KQkq - 3 4,Be7,,,pin mainline white,queens_gambit,,OCP::00_Openings_Defences::mainline OCP::00_Openings_Defences::pin OCP::00_Openings_Defences::Queens_Gambit OCP::00_Openings_Defences::white
opening_00168 QG Orthodox,rnbqk2r/ppp1bppp/4pn2/3p2B1/2PP4/2N5/PP2PPPP/R2QKBNR w KQkq - 4 5,e3,,,pin mainline white,queens_gambit,,OCP::00_Openings_Defences::mainline OCP::00_Openings_Defences::pin OCP::00_Openings_Defences::Queens_Gambit OCP::00_Openings_Defences::white
opening_00169 QG Orthodox,rnbqk2r/ppp1bppp/4pn2/3p2B1/2PP4/2N1P3/PP3PPP/R2QKBNR b KQkq - 0 5,O-O,,,pin mainline white,queens_gambit,,OCP::00_Openings_Defences::mainline OCP::00_Openings_Defences::pin OCP::00_Openings_Defences::Queens_Gambit OCP::00_Openings_Defences::white
opening_00170 QG Exchange,rnbqkbnr/pppppppp/8/8/8/8/PPPPPPPP/RNBQKBNR w KQkq - 0 1,d4,,,simplified center white,queens_gambit,,OCP::00_Openings_Defences::center OCP::00_Openings_Defences::Queens_Gambit OCP::00_Openings_Defences::simplified OCP::00_Openings_Defences::white
opening_00171 QG Exchange,rnbqkbnr/pppppppp/8/8/3P4/8/PPP1PPPP/RNBQKBNR b KQkq - 0 1,d5,,,simplified center white,queens_gambit,,OCP::00_Openings_Defences::center OCP::00_Openings_Defences::Queens_Gambit OCP::00_Openings_Defences::simplified OCP::00_Openings_Defences::white
opening_00172 QG Exchange,rnbqkbnr/ppp1pppp/8/3p4/3P4/8/PPP1PPPP/RNBQKBNR w KQkq - 0 2,c4,,,simplified center white,queens_gambit,,OCP::00_Openings_Defences::center OCP::00_Openings_Defences::Queens_Gambit OCP::00_Openings_Defences::simplified OCP::00_Openings_Defences::white
opening_00173 QG Exchange,rnbqkbnr/ppp1pppp/8/3p4/2PP4/8/PP2PPPP/RNBQKBNR b KQkq - 0 2,e6,,,simplified center white,queens_gambit,,OCP::00_Openings_Defences::center OCP::00_Openings_Defences::Queens_Gambit OCP::00_Openings_Defences::simplified OCP::00_Openings_Defences::white
opening_00174 QG Exchange,rnbqkbnr/ppp2ppp/4p3/3p4/2PP4/8/PP2PPPP/RNBQKBNR w KQkq - 0 3,Nc3,,,simplified center white,queens_gambit,,OCP::00_Openings_Defences::center OCP::00_Openings_Defences::Queens_Gambit OCP::00_Openings_Defences::simplified OCP::00_Openings_Defences::white
opening_00175 QG Exchange,rnbqkbnr/ppp2ppp/4p3/3p4/2PP4/2N5/PP2PPPP/R1BQKBNR b KQkq - 1 3,Nf6,,,simplified center white,queens_gambit,,OCP::00_Openings_Defences::center OCP::00_Openings_Defences::Queens_Gambit OCP::00_Openings_Defences::simplified OCP::00_Openings_Defences::white
opening_00176 QG Exchange,rnbqkb1r/ppp2ppp/4pn2/3p4/2PP4/2N5/PP2PPPP/R1BQKBNR w KQkq - 2 4,cxd5,,,simplified center white,queens_gambit,,OCP::00_Openings_Defences::center OCP::00_Openings_Defences::Queens_Gambit OCP::00_Openings_Defences::simplified OCP::00_Openings_Defences::white
opening_00177 QG Exchange,rnbqkb1r/ppp2ppp/4pn2/3P4/3P4/2N5/PP2PPPP/R1BQKBNR b KQkq - 0 4,exd5,,,simplified center white,queens_gambit,,OCP::00_Openings_Defences::center OCP::00_Openings_Defences::Queens_Gambit OCP::00_Openings_Defences::simplified OCP::00_Openings_Defences::white
opening_00178 QG Exchange,rnbqkb1r/ppp2ppp/5n2/3p4/3P4/2N5/PP2PPPP/R1BQKBNR w KQkq - 0 5,Bg5,,,simplified center white,queens_gambit,,OCP::00_Openings_Defences::center OCP::00_Openings_Defences::Queens_Gambit OCP::00_Openings_Defences::simplified OCP::00_Openings_Defences::white
opening_00179 QG Exchange,rnbqkb1r/ppp2ppp/5n2/3p2B1/3P4/2N5/PP2PPPP/R2QKBNR b KQkq - 1 5,Be7,,,simplified center white,queens_gambit,,OCP::00_Openings_Defences::center OCP::00_Openings_Defences::Queens_Gambit OCP::00_Openings_Defences::simplified OCP::00_Openings_Defences::white
opening_00180 QG Catalan,rnbqkbnr/pppppppp/8/8/8/8/PPPPPPPP/RNBQKBNR w KQkq - 0 1,d4,,,fianchetto mainline white,queens_gambit,,OCP::00_Openings_Defences::fianchetto OCP::00_Openings_Defences::mainline OCP::00_Openings_Defences::Queens_Gambit OCP::00_Openings_Defences::white
opening_00181 QG Catalan,rnbqkbnr/pppppppp/8/8/3P4/8/PPP1PPPP/RNBQKBNR b KQkq - 0 1,d5,,,fianchetto mainline white,queens_gambit,,OCP::00_Openings_Defences::fianchetto OCP::00_Openings_Defences::mainline OCP::00_Openings_Defences::Queens_Gambit OCP::00_Openings_Defences::white
opening_00182 QG Catalan,rnbqkbnr/ppp1pppp/8/3p4/3P4/8/PPP1PPPP/RNBQKBNR w KQkq - 0 2,c4,,,fianchetto mainline white,queens_gambit,,OCP::00_Openings_Defences::fianchetto OCP::00_Openings_Defences::mainline OCP::00_Openings_Defences::Queens_Gambit OCP::00_Openings_Defences::white
opening_00183 QG Catalan,rnbqkbnr/ppp1pppp/8/3p4/2PP4/8/PP2PPPP/RNBQKBNR b KQkq - 0 2,e6,,,fianchetto mainline white,queens_gambit,,OCP::00_Openings_Defences::fianchetto OCP::00_Openings_Defences::mainline OCP::00_Openings_Defences::Queens_Gambit OCP::00_Openings_Defences::white
opening_00184 QG Catalan,rnbqkbnr/ppp2ppp/4p3/3p4/2PP4/8/PP2PPPP/RNBQKBNR w KQkq - 0 3,g3,,,fianchetto mainline white,queens_gambit,,OCP::00_Openings_Defences::fianchetto OCP::00_Openings_Defences::mainline OCP::00_Openings_Defences::Queens_Gambit OCP::00_Openings_Defences::white
opening_00185 QG Catalan,rnbqkbnr/ppp2ppp/4p3/3p4/2PP4/6P1/PP2PP1P/RNBQKBNR b KQkq - 0 3,Nf6,,,fianchetto mainline white,queens_gambit,,OCP::00_Openings_Defences::fianchetto OCP::00_Openings_Defences::mainline OCP::00_Openings_Defences::Queens_Gambit OCP::00_Openings_Defences::white
opening_00186 QG Catalan,rnbqkb1r/ppp2ppp/4pn2/3p4/2PP4/6P1/PP2PP1P/RNBQKBNR w KQkq - 1 4,Bg2,,,fianchetto mainline white,queens_gambit,,OCP::00_Openings_Defences::fianchetto OCP::00_Openings_Defences::mainline OCP::00_Openings_Defences::Queens_Gambit OCP::00_Openings_Defences::white
opening_00187 QG Catalan,rnbqkb1r/ppp2ppp/4pn2/3p4/2PP4/6P1/PP2PPBP/RNBQK1NR b KQkq - 2 4,dxc4,,,fianchetto mainline white,queens_gambit,,OCP::00_Openings_Defences::fianchetto OCP::00_Openings_Defences::mainline OCP::00_Openings_Defences::Queens_Gambit OCP::00_Openings_Defences::white
opening_00188 QG Catalan,rnbqkb1r/ppp2ppp/4pn2/8/2pP4/6P1/PP2PPBP/RNBQK1NR w KQkq - 0 5,Nf3,,,fianchetto mainline white,queens_gambit,,OCP::00_Openings_Defences::fianchetto OCP::00_Openings_Defences::mainline OCP::00_Openings_Defences::Queens_Gambit OCP::00_Openings_Defences::white
opening_00189 Colle System,rnbqkbnr/pppppppp/8/8/8/8/PPPPPPPP/RNBQKBNR w KQkq - 0 1,d4,,,solid system white,queens_gambit,,OCP::00_Openings_Defences::Queens_Gambit OCP::00_Openings_Defences::solid OCP::00_Openings_Defences::system OCP::00_Openings_Defences::white
opening_00190 Colle System,rnbqkbnr/pppppppp/8/8/3P4/8/PPP1PPPP/RNBQKBNR b KQkq - 0 1,d5,,,solid system white,queens_gambit,,OCP::00_Openings_Defences::Queens_Gambit OCP::00_Openings_Defences::solid OCP::00_Openings_Defences::system OCP::00_Openings_Defences::white
opening_00191 Colle System,rnbqkbnr/ppp1pppp/8/3p4/3P4/8/PPP1PPPP/RNBQKBNR w KQkq - 0 2,Nf3,,,solid system white,queens_gambit,,OCP::00_Openings_Defences::Queens_Gambit OCP::00_Openings_Defences::solid OCP::00_Openings_Defences::system OCP::00_Openings_Defences::white
opening_00192 Colle System,rnbqkbnr/ppp1pppp/8/3p4/3P4/5N2/PPP1PPPP/RNBQKB1R b KQkq - 1 2,Nf6,,,solid system white,queens_gambit,,OCP::00_Openings_Defences::Queens_Gambit OCP::00_Openings_Defences::solid OCP::00_Openings_Defences::system OCP::00_Openings_Defences::white
opening_00193 Colle System,rnbqkb1r/ppp1pppp/5n2/3p4/3P4/5N2/PPP1PPPP/RNBQKB1R w KQkq - 2 3,e3,,,solid system white,queens_gambit,,OCP::00_Openings_Defences::Queens_Gambit OCP::00_Openings_Defences::solid OCP::00_Openings_Defences::system OCP::00_Openings_Defences::white
opening_00194 Colle System,rnbqkb1r/ppp1pppp/5n2/3p4/3P4/4PN2/PPP2PPP/RNBQKB1R b KQkq - 0 3,e6,,,solid system white,queens_gambit,,OCP::00_Openings_Defences::Queens_Gambit OCP::00_Openings_Defences::solid OCP::00_Openings_Defences::system OCP::00_Openings_Defences::white
opening_00195 Colle System,rnbqkb1r/ppp2ppp/4pn2/3p4/3P4/4PN2/PPP2PPP/RNBQKB1R w KQkq - 0 4,Bd3,,,solid system white,queens_gambit,,OCP::00_Openings_Defences::Queens_Gambit OCP::00_Openings_Defences::solid OCP::00_Openings_Defences::system OCP::00_Openings_Defences::white
opening_00196 Colle System,rnbqkb1r/ppp2ppp/4pn2/3p4/3P4/3BPN2/PPP2PPP/RNBQK2R b KQkq - 1 4,c5,,,solid system white,queens_gambit,,OCP::00_Openings_Defences::Queens_Gambit OCP::00_Openings_Defences::solid OCP::00_Openings_Defences::system OCP::00_Openings_Defences::white
opening_00197 Colle System,rnbqkb1r/pp3ppp/4pn2/2pp4/3P4/3BPN2/PPP2PPP/RNBQK2R w KQkq - 0 5,c3,,,solid system white,queens_gambit,,OCP::00_Openings_Defences::Queens_Gambit OCP::00_Openings_Defences::solid OCP::00_Openings_Defences::system OCP::00_Openings_Defences::white
opening_00198 Colle System,rnbqkb1r/pp3ppp/4pn2/2pp4/3P4/2PBPN2/PP3PPP/RNBQK2R b KQkq - 0 5,Nc6,,,solid system white,queens_gambit,,OCP::00_Openings_Defences::Queens_Gambit OCP::00_Openings_Defences::solid OCP::00_Openings_Defences::system OCP::00_Openings_Defences::white
opening_00199 Torre Attack,rnbqkbnr/pppppppp/8/8/8/8/PPPPPPPP/RNBQKBNR w KQkq - 0 1,d4,,,pin system white,queens_gambit,,OCP::00_Openings_Defences::pin OCP::00_Openings_Defences::Queens_Gambit OCP::00_Openings_Defences::system OCP::00_Openings_Defences::white
opening_00200 Torre Attack,rnbqkbnr/pppppppp/8/8/3P4/8/PPP1PPPP/RNBQKBNR b KQkq - 0 1,d5,,,pin system white,queens_gambit,,OCP::00_Openings_Defences::pin OCP::00_Openings_Defences::Queens_Gambit OCP::00_Openings_Defences::system OCP::00_Openings_Defences::white
opening_00201 Torre Attack,rnbqkbnr/ppp1pppp/8/3p4/3P4/8/PPP1PPPP/RNBQKBNR w KQkq - 0 2,Nf3,,,pin system white,queens_gambit,,OCP::00_Openings_Defences::pin OCP::00_Openings_Defences::Queens_Gambit OCP::00_Openings_Defences::system OCP::00_Openings_Defences::white
opening_00202 Torre Attack,rnbqkbnr/ppp1pppp/8/3p4/3P4/5N2/PPP1PPPP/RNBQKB1R b KQkq - 1 2,Nf6,,,pin system white,queens_gambit,,OCP::00_Openings_Defences::pin OCP::00_Openings_Defences::Queens_Gambit OCP::00_Openings_Defences::system OCP::00_Openings_Defences::white
opening_00203 Torre Attack,rnbqkb1r/ppp1pppp/5n2/3p4/3P4/5N2/PPP1PPPP/RNBQKB1R w KQkq - 2 3,Bg5,,,pin system white,queens_gambit,,OCP::00_Openings_Defences::pin OCP::00_Openings_Defences::Queens_Gambit OCP::00_Openings_Defences::system OCP::00_Openings_Defences::white
opening_00204 Torre Attack,rnbqkb1r/ppp1pppp/5n2/3p2B1/3P4/5N2/PPP1PPPP/RN1QKB1R b KQkq - 3 3,e6,,,pin system white,queens_gambit,,OCP::00_Openings_Defences::pin OCP::00_Openings_Defences::Queens_Gambit OCP::00_Openings_Defences::system OCP::00_Openings_Defences::white
opening_00205 Torre Attack,rnbqkb1r/ppp2ppp/4pn2/3p2B1/3P4/5N2/PPP1PPPP/RN1QKB1R w KQkq - 0 4,e3,,,pin system white,queens_gambit,,OCP::00_Openings_Defences::pin OCP::00_Openings_Defences::Queens_Gambit OCP::00_Openings_Defences::system OCP::00_Openings_Defences::white
opening_00206 Torre Attack,rnbqkb1r/ppp2ppp/4pn2/3p2B1/3P4/4PN2/PPP2PPP/RN1QKB1R b KQkq - 0 4,Be7,,,pin system white,queens_gambit,,OCP::00_Openings_Defences::pin OCP::00_Openings_Defences::Queens_Gambit OCP::00_Openings_Defences::system OCP::00_Openings_Defences::white
opening_00207 Torre Attack,rnbqk2r/ppp1bppp/4pn2/3p2B1/3P4/4PN2/PPP2PPP/RN1QKB1R w KQkq - 1 5,Bd3,,,pin system white,queens_gambit,,OCP::00_Openings_Defences::pin OCP::00_Openings_Defences::Queens_Gambit OCP::00_Openings_Defences::system OCP::00_Openings_Defences::white
opening_00208 Queen&#x27;s Gambit Accepted,rnbqkbnr/pppppppp/8/8/8/8/PPPPPPPP/RNBQKBNR w KQkq - 0 1,d4,,,central counterplay black,queens_gambit,,OCP::00_Openings_Defences::black OCP::00_Openings_Defences::central OCP::00_Openings_Defences::counterplay OCP::00_Openings_Defences::Queens_Gambit
opening_00209 Queen&#x27;s Gambit Accepted,rnbqkbnr/pppppppp/8/8/3P4/8/PPP1PPPP/RNBQKBNR b KQkq - 0 1,d5,,,central counterplay black,queens_gambit,,OCP::00_Openings_Defences::black OCP::00_Openings_Defences::central OCP::00_Openings_Defences::counterplay OCP::00_Openings_Defences::Queens_Gambit
opening_00210 Queen&#x27;s Gambit Accepted,rnbqkbnr/ppp1pppp/8/3p4/3P4/8/PPP1PPPP/RNBQKBNR w KQkq - 0 2,c4,,,central counterplay black,queens_gambit,,OCP::00_Openings_Defences::black OCP::00_Openings_Defences::central OCP::00_Openings_Defences::counterplay OCP::00_Openings_Defences::Queens_Gambit
opening_00211 Queen&#x27;s Gambit Accepted,rnbqkbnr/ppp1pppp/8/3p4/2PP4/8/PP2PPPP/RNBQKBNR b KQkq - 0 2,dxc4,,,central counterplay black,queens_gambit,,OCP::00_Openings_Defences::black OCP::00_Openings_Defences::central OCP::00_Openings_Defences::counterplay OCP::00_Openings_Defences::Queens_Gambit
opening_00212 Queen&#x27;s Gambit Accepted,rnbqkbnr/ppp1pppp/8/8/2pP4/8/PP2PPPP/RNBQKBNR w KQkq - 0 3,Nf3,,,central counterplay black,queens_gambit,,OCP::00_Openings_Defences::black OCP::00_Openings_Defences::central OCP::00_Openings_Defences::counterplay OCP::00_Openings_Defences::Queens_Gambit
opening_00213 Queen&#x27;s Gambit Accepted,rnbqkbnr/ppp1pppp/8/8/2pP4/5N2/PP2PPPP/RNBQKB1R b KQkq - 1 3,Nf6,,,central counterplay black,queens_gambit,,OCP::00_Openings_Defences::black OCP::00_Openings_Defences::central OCP::00_Openings_Defences::counterplay OCP::00_Openings_Defences::Queens_Gambit
opening_00214 Queen&#x27;s Gambit Accepted,rnbqkb1r/ppp1pppp/5n2/8/2pP4/5N2/PP2PPPP/RNBQKB1R w KQkq - 2 4,e3,,,central counterplay black,queens_gambit,,OCP::00_Openings_Defences::black OCP::00_Openings_Defences::central OCP::00_Openings_Defences::counterplay OCP::00_Openings_Defences::Queens_Gambit
opening_00215 Queen&#x27;s Gambit Accepted,rnbqkb1r/ppp1pppp/5n2/8/2pP4/4PN2/PP3PPP/RNBQKB1R b KQkq - 0 4,e6,,,central counterplay black,queens_gambit,,OCP::00_Openings_Defences::black OCP::00_Openings_Defences::central OCP::00_Openings_Defences::counterplay OCP::00_Openings_Defences::Queens_Gambit
opening_00216 Queen&#x27;s Gambit Accepted,rnbqkb1r/ppp2ppp/4pn2/8/2pP4/4PN2/PP3PPP/RNBQKB1R w KQkq - 0 5,Bxc4,,,central counterplay black,queens_gambit,,OCP::00_Openings_Defences::black OCP::00_Openings_Defences::central OCP::00_Openings_Defences::counterplay OCP::00_Openings_Defences::Queens_Gambit
opening_00217 QGD Tartakower,rnbqkbnr/pppppppp/8/8/8/8/PPPPPPPP/RNBQKBNR w KQkq - 0 1,d4,,,defensive black,queens_gambit,,OCP::00_Openings_Defences::black OCP::00_Openings_Defences::defensive OCP::00_Openings_Defences::Queens_Gambit
opening_00218 QGD Tartakower,rnbqkbnr/pppppppp/8/8/3P4/8/PPP1PPPP/RNBQKBNR b KQkq - 0 1,d5,,,defensive black,queens_gambit,,OCP::00_Openings_Defences::black OCP::00_Openings_Defences::defensive OCP::00_Openings_Defences::Queens_Gambit
opening_00219 QGD Tartakower,rnbqkbnr/ppp1pppp/8/3p4/3P4/8/PPP1PPPP/RNBQKBNR w KQkq - 0 2,c4,,,defensive black,queens_gambit,,OCP::00_Openings_Defences::black OCP::00_Openings_Defences::defensive OCP::00_Openings_Defences::Queens_Gambit
opening_00220 QGD Tartakower,rnbqkbnr/ppp1pppp/8/3p4/2PP4/8/PP2PPPP/RNBQKBNR b KQkq - 0 2,e6,,,defensive black,queens_gambit,,OCP::00_Openings_Defences::black OCP::00_Openings_Defences::defensive OCP::00_Openings_Defences::Queens_Gambit
opening_00221 QGD Tartakower,rnbqkbnr/ppp2ppp/4p3/3p4/2PP4/8/PP2PPPP/RNBQKBNR w KQkq - 0 3,Nc3,,,defensive black,queens_gambit,,OCP::00_Openings_Defences::black OCP::00_Openings_Defences::defensive OCP::00_Openings_Defences::Queens_Gambit
opening_00222 QGD Tartakower,rnbqkbnr/ppp2ppp/4p3/3p4/2PP4/2N5/PP2PPPP/R1BQKBNR b KQkq - 1 3,Nf6,,,defensive black,queens_gambit,,OCP::00_Openings_Defences::black OCP::00_Openings_Defences::defensive OCP::00_Openings_Defences::Queens_Gambit
opening_00223 QGD Tartakower,rnbqkb1r/ppp2ppp/4pn2/3p4/2PP4/2N5/PP2PPPP/R1BQKBNR w KQkq - 2 4,Bg5,,,defensive black,queens_gambit,,OCP::00_Openings_Defences::black OCP::00_Openings_Defences::defensive OCP::00_Openings_Defences::Queens_Gambit
opening_00224 QGD Tartakower,rnbqkb1r/ppp2ppp/4pn2/3p2B1/2PP4/2N5/PP2PPPP/R2QKBNR b KQkq - 3 4,Be7,,,defensive black,queens_gambit,,OCP::00_Openings_Defences::black OCP::00_Openings_Defences::defensive OCP::00_Openings_Defences::Queens_Gambit
opening_00225 QGD Tartakower,rnbqk2r/ppp1bppp/4pn2/3p2B1/2PP4/2N5/PP2PPPP/R2QKBNR w KQkq - 4 5,e3,,,defensive black,queens_gambit,,OCP::00_Openings_Defences::black OCP::00_Openings_Defences::defensive OCP::00_Openings_Defences::Queens_Gambit
opening_00226 QGD Tartakower,rnbqk2r/ppp1bppp/4pn2/3p2B1/2PP4/2N1P3/PP3PPP/R2QKBNR b KQkq - 0 5,h6,,,defensive black,queens_gambit,,OCP::00_Openings_Defences::black OCP::00_Openings_Defences::defensive OCP::00_Openings_Defences::Queens_Gambit
opening_00227 QGD Tartakower,rnbqk2r/ppp1bpp1/4pn1p/3p2B1/2PP4/2N1P3/PP3PPP/R2QKBNR w KQkq - 0 6,Bh4,,,defensive black,queens_gambit,,OCP::00_Openings_Defences::black OCP::00_Openings_Defences::defensive OCP::00_Openings_Defences::Queens_Gambit
opening_00228 QGD Tartakower,rnbqk2r/ppp1bpp1/4pn1p/3p4/2PP3B/2N1P3/PP3PPP/R2QKBNR b KQkq - 1 6,b6,,,defensive black,queens_gambit,,OCP::00_Openings_Defences::black OCP::00_Openings_Defences::defensive OCP::00_Openings_Defences::Queens_Gambit
opening_00229 Albin Countergambit,rnbqkbnr/pppppppp/8/8/8/8/PPPPPPPP/RNBQKBNR w KQkq - 0 1,d4,,,rare sharp black,queens_gambit,,OCP::00_Openings_Defences::black OCP::00_Openings_Defences::Queens_Gambit OCP::00_Openings_Defences::rare OCP::00_Openings_Defences::sharp
opening_00230 Albin Countergambit,rnbqkbnr/pppppppp/8/8/3P4/8/PPP1PPPP/RNBQKBNR b KQkq - 0 1,d5,,,rare sharp black,queens_gambit,,OCP::00_Openings_Defences::black OCP::00_Openings_Defences::Queens_Gambit OCP::00_Openings_Defences::rare OCP::00_Openings_Defences::sharp
opening_00231 Albin Countergambit,rnbqkbnr/ppp1pppp/8/3p4/3P4/8/PPP1PPPP/RNBQKBNR w KQkq - 0 2,c4,,,rare sharp black,queens_gambit,,OCP::00_Openings_Defences::black OCP::00_Openings_Defences::Queens_Gambit OCP::00_Openings_Defences::rare OCP::00_Openings_Defences::sharp
opening_00232 Albin Countergambit,rnbqkbnr/ppp1pppp/8/3p4/2PP4/8/PP2PPPP/RNBQKBNR b KQkq - 0 2,e5,,,rare sharp black,queens_gambit,,OCP::00_Openings_Defences::black OCP::00_Openings_Defences::Queens_Gambit OCP::00_Openings_Defences::rare OCP::00_Openings_Defences::sharp
opening_00233 English Opening,rnbqkbnr/pppppppp/8/8/8/8/PPPPPPPP/RNBQKBNR w KQkq - 0 1,c4,,,flexible mainline white,english_opening,,OCP::00_Openings_Defences::English_Opening OCP::00_Openings_Defences::flexible OCP::00_Openings_Defences::mainline OCP::00_Openings_Defences::white
opening_00234 English Opening,rnbqkbnr/pppppppp/8/8/2P5/8/PP1PPPPP/RNBQKBNR b KQkq - 0 1,e5,,,flexible mainline white,english_opening,,OCP::00_Openings_Defences::English_Opening OCP::00_Openings_Defences::flexible OCP::00_Openings_Defences::mainline OCP::00_Openings_Defences::white
opening_00235 English Opening,rnbqkbnr/pppp1ppp/8/4p3/2P5/8/PP1PPPPP/RNBQKBNR w KQkq - 0 2,Nc3,,,flexible mainline white,english_opening,,OCP::00_Openings_Defences::English_Opening OCP::00_Openings_Defences::flexible OCP::00_Openings_Defences::mainline OCP::00_Openings_Defences::white
opening_00236 English Opening,rnbqkbnr/pppp1ppp/8/4p3/2P5/2N5/PP1PPPPP/R1BQKBNR b KQkq - 1 2,Nf6,,,flexible mainline white,english_opening,,OCP::00_Openings_Defences::English_Opening OCP::00_Openings_Defences::flexible OCP::00_Openings_Defences::mainline OCP::00_Openings_Defences::white
opening_00237 English Opening,rnbqkb1r/pppp1ppp/5n2/4p3/2P5/2N5/PP1PPPPP/R1BQKBNR w KQkq - 2 3,Nf3,,,flexible mainline white,english_opening,,OCP::00_Openings_Defences::English_Opening OCP::00_Openings_Defences::flexible OCP::00_Openings_Defences::mainline OCP::00_Openings_Defences::white
opening_00238 English Opening,rnbqkb1r/pppp1ppp/5n2/4p3/2P5/2N2N2/PP1PPPPP/R1BQKB1R b KQkq - 3 3,Nc6,,,flexible mainline white,english_opening,,OCP::00_Openings_Defences::English_Opening OCP::00_Openings_Defences::flexible OCP::00_Openings_Defences::mainline OCP::00_Openings_Defences::white
opening_00239 English Opening,r1bqkb1r/pppp1ppp/2n2n2/4p3/2P5/2N2N2/PP1PPPPP/R1BQKB1R w KQkq - 4 4,g3,,,flexible mainline white,english_opening,,OCP::00_Openings_Defences::English_Opening OCP::00_Openings_Defences::flexible OCP::00_Openings_Defences::mainline OCP::00_Openings_Defences::white
opening_00240 English Four Knights,rnbqkbnr/pppppppp/8/8/8/8/PPPPPPPP/RNBQKBNR w KQkq - 0 1,c4,,,development mainline white,english_opening,,OCP::00_Openings_Defences::development OCP::00_Openings_Defences::English_Opening OCP::00_Openings_Defences::mainline OCP::00_Openings_Defences::white
opening_00241 English Four Knights,rnbqkbnr/pppppppp/8/8/2P5/8/PP1PPPPP/RNBQKBNR b KQkq - 0 1,e5,,,development mainline white,english_opening,,OCP::00_Openings_Defences::development OCP::00_Openings_Defences::English_Opening OCP::00_Openings_Defences::mainline OCP::00_Openings_Defences::white
opening_00242 English Four Knights,rnbqkbnr/pppp1ppp/8/4p3/2P5/8/PP1PPPPP/RNBQKBNR w KQkq - 0 2,Nc3,,,development mainline white,english_opening,,OCP::00_Openings_Defences::development OCP::00_Openings_Defences::English_Opening OCP::00_Openings_Defences::mainline OCP::00_Openings_Defences::white
opening_00243 English Four Knights,rnbqkbnr/pppp1ppp/8/4p3/2P5/2N5/PP1PPPPP/R1BQKBNR b KQkq - 1 2,Nf6,,,development mainline white,english_opening,,OCP::00_Openings_Defences::development OCP::00_Openings_Defences::English_Opening OCP::00_Openings_Defences::mainline OCP::00_Openings_Defences::white
opening_00244 English Four Knights,rnbqkb1r/pppp1ppp/5n2/4p3/2P5/2N5/PP1PPPPP/R1BQKBNR w KQkq - 2 3,Nf3,,,development mainline white,english_opening,,OCP::00_Openings_Defences::development OCP::00_Openings_Defences::English_Opening OCP::00_Openings_Defences::mainline OCP::00_Openings_Defences::white
opening_00245 English Four Knights,rnbqkb1r/pppp1ppp/5n2/4p3/2P5/2N2N2/PP1PPPPP/R1BQKB1R b KQkq - 3 3,Nc6,,,development mainline white,english_opening,,OCP::00_Openings_Defences::development OCP::00_Openings_Defences::English_Opening OCP::00_Openings_Defences::mainline OCP::00_Openings_Defences::white
opening_00246 English Four Knights,r1bqkb1r/pppp1ppp/2n2n2/4p3/2P5/2N2N2/PP1PPPPP/R1BQKB1R w KQkq - 4 4,g3,,,development mainline white,english_opening,,OCP::00_Openings_Defences::development OCP::00_Openings_Defences::English_Opening OCP::00_Openings_Defences::mainline OCP::00_Openings_Defences::white
opening_00247 English Four Knights,r1bqkb1r/pppp1ppp/2n2n2/4p3/2P5/2N2NP1/PP1PPP1P/R1BQKB1R b KQkq - 0 4,Bb4,,,development mainline white,english_opening,,OCP::00_Openings_Defences::development OCP::00_Openings_Defences::English_Opening OCP::00_Openings_Defences::mainline OCP::00_Openings_Defences::white
opening_00248 English Four Knights,r1bqk2r/pppp1ppp/2n2n2/4p3/1bP5/2N2NP1/PP1PPP1P/R1BQKB1R w KQkq - 1 5,Bg2,,,development mainline white,english_opening,,OCP::00_Openings_Defences::development OCP::00_Openings_Defences::English_Opening OCP::00_Openings_Defences::mainline OCP::00_Openings_Defences::white
opening_00249 English Symmetrical,rnbqkbnr/pppppppp/8/8/8/8/PPPPPPPP/RNBQKBNR w KQkq - 0 1,c4,,,mirror mainline white,english_opening,,OCP::00_Openings_Defences::English_Opening OCP::00_Openings_Defences::mainline OCP::00_Openings_Defences::mirror OCP::00_Openings_Defences::white
opening_00250 English Symmetrical,rnbqkbnr/pppppppp/8/8/2P5/8/PP1PPPPP/RNBQKBNR b KQkq - 0 1,c5,,,mirror mainline white,english_opening,,OCP::00_Openings_Defences::English_Opening OCP::00_Openings_Defences::mainline OCP::00_Openings_Defences::mirror OCP::00_Openings_Defences::white
opening_00251 English Symmetrical,rnbqkbnr/pp1ppppp/8/2p5/2P5/8/PP1PPPPP/RNBQKBNR w KQkq - 0 2,Nc3,,,mirror mainline white,english_opening,,OCP::00_Openings_Defences::English_Opening OCP::00_Openings_Defences::mainline OCP::00_Openings_Defences::mirror OCP::00_Openings_Defences::white
opening_00252 English Symmetrical,rnbqkbnr/pp1ppppp/8/2p5/2P5/2N5/PP1PPPPP/R1BQKBNR b KQkq - 1 2,Nc6,,,mirror mainline white,english_opening,,OCP::00_Openings_Defences::English_Opening OCP::00_Openings_Defences::mainline OCP::00_Openings_Defences::mirror OCP::00_Openings_Defences::white
opening_00253 English Symmetrical,r1bqkbnr/pp1ppppp/2n5/2p5/2P5/2N5/PP1PPPPP/R1BQKBNR w KQkq - 2 3,g3,,,mirror mainline white,english_opening,,OCP::00_Openings_Defences::English_Opening OCP::00_Openings_Defences::mainline OCP::00_Openings_Defences::mirror OCP::00_Openings_Defences::white
opening_00254 English Symmetrical,r1bqkbnr/pp1ppppp/2n5/2p5/2P5/2N3P1/PP1PPP1P/R1BQKBNR b KQkq - 0 3,g6,,,mirror mainline white,english_opening,,OCP::00_Openings_Defences::English_Opening OCP::00_Openings_Defences::mainline OCP::00_Openings_Defences::mirror OCP::00_Openings_Defences::white
opening_00255 English Symmetrical,r1bqkbnr/pp1ppp1p/2n3p1/2p5/2P5/2N3P1/PP1PPP1P/R1BQKBNR w KQkq - 0 4,Bg2,,,mirror mainline white,english_opening,,OCP::00_Openings_Defences::English_Opening OCP::00_Openings_Defences::mainline OCP::00_Openings_Defences::mirror OCP::00_Openings_Defences::white
opening_00256 English Symmetrical,r1bqkbnr/pp1ppp1p/2n3p1/2p5/2P5/2N3P1/PP1PPPBP/R1BQK1NR b KQkq - 1 4,Bg7,,,mirror mainline white,english_opening,,OCP::00_Openings_Defences::English_Opening OCP::00_Openings_Defences::mainline OCP::00_Openings_Defences::mirror OCP::00_Openings_Defences::white
opening_00257 English Botvinnik,rnbqkbnr/pppppppp/8/8/8/8/PPPPPPPP/RNBQKBNR w KQkq - 0 1,c4,,,central advance white,english_opening,,OCP::00_Openings_Defences::advance OCP::00_Openings_Defences::central OCP::00_Openings_Defences::English_Opening OCP::00_Openings_Defences::white
opening_00258 English Botvinnik,rnbqkbnr/pppppppp/8/8/2P5/8/PP1PPPPP/RNBQKBNR b KQkq - 0 1,Nf6,,,central advance white,english_opening,,OCP::00_Openings_Defences::advance OCP::00_Openings_Defences::central OCP::00_Openings_Defences::English_Opening OCP::00_Openings_Defences::white
opening_00259 English Botvinnik,rnbqkb1r/pppppppp/5n2/8/2P5/8/PP1PPPPP/RNBQKBNR w KQkq - 1 2,Nc3,,,central advance white,english_opening,,OCP::00_Openings_Defences::advance OCP::00_Openings_Defences::central OCP::00_Openings_Defences::English_Opening OCP::00_Openings_Defences::white
opening_00260 English Botvinnik,rnbqkb1r/pppppppp/5n2/8/2P5/2N5/PP1PPPPP/R1BQKBNR b KQkq - 2 2,e6,,,central advance white,english_opening,,OCP::00_Openings_Defences::advance OCP::00_Openings_Defences::central OCP::00_Openings_Defences::English_Opening OCP::00_Openings_Defences::white
opening_00261 English Botvinnik,rnbqkb1r/pppp1ppp/4pn2/8/2P5/2N5/PP1PPPPP/R1BQKBNR w KQkq - 0 3,e4,,,central advance white,english_opening,,OCP::00_Openings_Defences::advance OCP::00_Openings_Defences::central OCP::00_Openings_Defences::English_Opening OCP::00_Openings_Defences::white
opening_00262 English Botvinnik,rnbqkb1r/pppp1ppp/4pn2/8/2P1P3/2N5/PP1P1PPP/R1BQKBNR b KQkq - 0 3,d5,,,central advance white,english_opening,,OCP::00_Openings_Defences::advance OCP::00_Openings_Defences::central OCP::00_Openings_Defences::English_Opening OCP::00_Openings_Defences::white
opening_00263 English Botvinnik,rnbqkb1r/ppp2ppp/4pn2/3p4/2P1P3/2N5/PP1P1PPP/R1BQKBNR w KQkq - 0 4,e5,,,central advance white,english_opening,,OCP::00_Openings_Defences::advance OCP::00_Openings_Defences::central OCP::00_Openings_Defences::English_Opening OCP::00_Openings_Defences::white
opening_00264 English Botvinnik,rnbqkb1r/ppp2ppp/4pn2/3pP3/2P5/2N5/PP1P1PPP/R1BQKBNR b KQkq - 0 4,d4,,,central advance white,english_opening,,OCP::00_Openings_Defences::advance OCP::00_Openings_Defences::central OCP::00_Openings_Defences::English_Opening OCP::00_Openings_Defences::white
opening_00265 English Botvinnik,rnbqkb1r/ppp2ppp/4pn2/4P3/2Pp4/2N5/PP1P1PPP/R1BQKBNR w KQkq - 0 5,exf6,,,central advance white,english_opening,,OCP::00_Openings_Defences::advance OCP::00_Openings_Defences::central OCP::00_Openings_Defences::English_Opening OCP::00_Openings_Defences::white
opening_00266 English Mikenas,rnbqkbnr/pppppppp/8/8/8/8/PPPPPPPP/RNBQKBNR w KQkq - 0 1,c4,,,aggressive approach white,english_opening,,OCP::00_Openings_Defences::aggressive OCP::00_Openings_Defences::approach OCP::00_Openings_Defences::English_Opening OCP::00_Openings_Defences::white
opening_00267 English Mikenas,rnbqkbnr/pppppppp/8/8/2P5/8/PP1PPPPP/RNBQKBNR b KQkq - 0 1,Nf6,,,aggressive approach white,english_opening,,OCP::00_Openings_Defences::aggressive OCP::00_Openings_Defences::approach OCP::00_Openings_Defences::English_Opening OCP::00_Openings_Defences::white
opening_00268 English Mikenas,rnbqkb1r/pppppppp/5n2/8/2P5/8/PP1PPPPP/RNBQKBNR w KQkq - 1 2,Nc3,,,aggressive approach white,english_opening,,OCP::00_Openings_Defences::aggressive OCP::00_Openings_Defences::approach OCP::00_Openings_Defences::English_Opening OCP::00_Openings_Defences::white
opening_00269 English Mikenas,rnbqkb1r/pppppppp/5n2/8/2P5/2N5/PP1PPPPP/R1BQKBNR b KQkq - 2 2,e6,,,aggressive approach white,english_opening,,OCP::00_Openings_Defences::aggressive OCP::00_Openings_Defences::approach OCP::00_Openings_Defences::English_Opening OCP::00_Openings_Defences::white
opening_00270 English Mikenas,rnbqkb1r/pppp1ppp/4pn2/8/2P5/2N5/PP1PPPPP/R1BQKBNR w KQkq - 0 3,e4,,,aggressive approach white,english_opening,,OCP::00_Openings_Defences::aggressive OCP::00_Openings_Defences::approach OCP::00_Openings_Defences::English_Opening OCP::00_Openings_Defences::white
opening_00271 English Mikenas,rnbqkb1r/pppp1ppp/4pn2/8/2P1P3/2N5/PP1P1PPP/R1BQKBNR b KQkq - 0 3,d5,,,aggressive approach white,english_opening,,OCP::00_Openings_Defences::aggressive OCP::00_Openings_Defences::approach OCP::00_Openings_Defences::English_Opening OCP::00_Openings_Defences::white
opening_00272 English Mikenas,rnbqkb1r/ppp2ppp/4pn2/3p4/2P1P3/2N5/PP1P1PPP/R1BQKBNR w KQkq - 0 4,e5,,,aggressive approach white,english_opening,,OCP::00_Openings_Defences::aggressive OCP::00_Openings_Defences::approach OCP::00_Openings_Defences::English_Opening OCP::00_Openings_Defences::white
opening_00273 English Mikenas,rnbqkb1r/ppp2ppp/4pn2/3pP3/2P5/2N5/PP1P1PPP/R1BQKBNR b KQkq - 0 4,d4,,,aggressive approach white,english_opening,,OCP::00_Openings_Defences::aggressive OCP::00_Openings_Defences::approach OCP::00_Openings_Defences::English_Opening OCP::00_Openings_Defences::white
opening_00274 English Mikenas,rnbqkb1r/ppp2ppp/4pn2/4P3/2Pp4/2N5/PP1P1PPP/R1BQKBNR w KQkq - 0 5,exf6,,,aggressive approach white,english_opening,,OCP::00_Openings_Defences::aggressive OCP::00_Openings_Defences::approach OCP::00_Openings_Defences::English_Opening OCP::00_Openings_Defences::white
opening_00275 Scotch Game,rnbqkbnr/pppppppp/8/8/8/8/PPPPPPPP/RNBQKBNR w KQkq - 0 1,e4,,,central mainline white,scotch_game,,OCP::00_Openings_Defences::central OCP::00_Openings_Defences::mainline OCP::00_Openings_Defences::Scotch_Game OCP::00_Openings_Defences::white
opening_00276 Scotch Game,rnbqkbnr/pppppppp/8/8/4P3/8/PPPP1PPP/RNBQKBNR b KQkq - 0 1,e5,,,central mainline white,scotch_game,,OCP::00_Openings_Defences::central OCP::00_Openings_Defences::mainline OCP::00_Openings_Defences::Scotch_Game OCP::00_Openings_Defences::white
opening_00277 Scotch Game,rnbqkbnr/pppp1ppp/8/4p3/4P3/8/PPPP1PPP/RNBQKBNR w KQkq - 0 2,Nf3,,,central mainline white,scotch_game,,OCP::00_Openings_Defences::central OCP::00_Openings_Defences::mainline OCP::00_Openings_Defences::Scotch_Game OCP::00_Openings_Defences::white
opening_00278 Scotch Game,rnbqkbnr/pppp1ppp/8/4p3/4P3/5N2/PPPP1PPP/RNBQKB1R b KQkq - 1 2,Nc6,,,central mainline white,scotch_game,,OCP::00_Openings_Defences::central OCP::00_Openings_Defences::mainline OCP::00_Openings_Defences::Scotch_Game OCP::00_Openings_Defences::white
opening_00279 Scotch Game,r1bqkbnr/pppp1ppp/2n5/4p3/4P3/5N2/PPPP1PPP/RNBQKB1R w KQkq - 2 3,d4,,,central mainline white,scotch_game,,OCP::00_Openings_Defences::central OCP::00_Openings_Defences::mainline OCP::00_Openings_Defences::Scotch_Game OCP::00_Openings_Defences::white
opening_00280 Scotch Game,r1bqkbnr/pppp1ppp/2n5/4p3/3PP3/5N2/PPP2PPP/RNBQKB1R b KQkq - 0 3,exd4,,,central mainline white,scotch_game,,OCP::00_Openings_Defences::central OCP::00_Openings_Defences::mainline OCP::00_Openings_Defences::Scotch_Game OCP::00_Openings_Defences::white
opening_00281 Scotch Game,r1bqkbnr/pppp1ppp/2n5/8/3pP3/5N2/PPP2PPP/RNBQKB1R w KQkq - 0 4,Nxd4,,,central mainline white,scotch_game,,OCP::00_Openings_Defences::central OCP::00_Openings_Defences::mainline OCP::00_Openings_Defences::Scotch_Game OCP::00_Openings_Defences::white
opening_00282 Scotch Game,r1bqkbnr/pppp1ppp/2n5/8/3NP3/8/PPP2PPP/RNBQKB1R b KQkq - 0 4,Bc5,,,central mainline white,scotch_game,,OCP::00_Openings_Defences::central OCP::00_Openings_Defences::mainline OCP::00_Openings_Defences::Scotch_Game OCP::00_Openings_Defences::white
opening_00283 Scotch Game,r1bqk1nr/pppp1ppp/2n5/2b5/3NP3/8/PPP2PPP/RNBQKB1R w KQkq - 1 5,Be3,,,central mainline white,scotch_game,,OCP::00_Openings_Defences::central OCP::00_Openings_Defences::mainline OCP::00_Openings_Defences::Scotch_Game OCP::00_Openings_Defences::white
opening_00284 Scotch Four Knights,rnbqkbnr/pppppppp/8/8/8/8/PPPPPPPP/RNBQKBNR w KQkq - 0 1,e4,,,symmetrical mainline white,scotch_game,,OCP::00_Openings_Defences::mainline OCP::00_Openings_Defences::Scotch_Game OCP::00_Openings_Defences::symmetrical OCP::00_Openings_Defences::white
opening_00285 Scotch Four Knights,rnbqkbnr/pppppppp/8/8/4P3/8/PPPP1PPP/RNBQKBNR b KQkq - 0 1,e5,,,symmetrical mainline white,scotch_game,,OCP::00_Openings_Defences::mainline OCP::00_Openings_Defences::Scotch_Game OCP::00_Openings_Defences::symmetrical OCP::00_Openings_Defences::white
opening_00286 Scotch Four Knights,rnbqkbnr/pppp1ppp/8/4p3/4P3/8/PPPP1PPP/RNBQKBNR w KQkq - 0 2,Nf3,,,symmetrical mainline white,scotch_game,,OCP::00_Openings_Defences::mainline OCP::00_Openings_Defences::Scotch_Game OCP::00_Openings_Defences::symmetrical OCP::00_Openings_Defences::white
opening_00287 Scotch Four Knights,rnbqkbnr/pppp1ppp/8/4p3/4P3/5N2/PPPP1PPP/RNBQKB1R b KQkq - 1 2,Nc6,,,symmetrical mainline white,scotch_game,,OCP::00_Openings_Defences::mainline OCP::00_Openings_Defences::Scotch_Game OCP::00_Openings_Defences::symmetrical OCP::00_Openings_Defences::white
opening_00288 Scotch Four Knights,r1bqkbnr/pppp1ppp/2n5/4p3/4P3/5N2/PPPP1PPP/RNBQKB1R w KQkq - 2 3,Nc3,,,symmetrical mainline white,scotch_game,,OCP::00_Openings_Defences::mainline OCP::00_Openings_Defences::Scotch_Game OCP::00_Openings_Defences::symmetrical OCP::00_Openings_Defences::white
opening_00289 Scotch Four Knights,r1bqkbnr/pppp1ppp/2n5/4p3/4P3/2N2N2/PPPP1PPP/R1BQKB1R b KQkq - 3 3,Nf6,,,symmetrical mainline white,scotch_game,,OCP::00_Openings_Defences::mainline OCP::00_Openings_Defences::Scotch_Game OCP::00_Openings_Defences::symmetrical OCP::00_Openings_Defences::white
opening_00290 Scotch Four Knights,r1bqkb1r/pppp1ppp/2n2n2/4p3/4P3/2N2N2/PPPP1PPP/R1BQKB1R w KQkq - 4 4,d4,,,symmetrical mainline white,scotch_game,,OCP::00_Openings_Defences::mainline OCP::00_Openings_Defences::Scotch_Game OCP::00_Openings_Defences::symmetrical OCP::00_Openings_Defences::white
opening_00291 Scotch Four Knights,r1bqkb1r/pppp1ppp/2n2n2/4p3/3PP3/2N2N2/PPP2PPP/R1BQKB1R b KQkq - 0 4,exd4,,,symmetrical mainline white,scotch_game,,OCP::00_Openings_Defences::mainline OCP::00_Openings_Defences::Scotch_Game OCP::00_Openings_Defences::symmetrical OCP::00_Openings_Defences::white
opening_00292 Scotch Four Knights,r1bqkb1r/pppp1ppp/2n2n2/8/3pP3/2N2N2/PPP2PPP/R1BQKB1R w KQkq - 0 5,Nd5,,,symmetrical mainline white,scotch_game,,OCP::00_Openings_Defences::mainline OCP::00_Openings_Defences::Scotch_Game OCP::00_Openings_Defences::symmetrical OCP::00_Openings_Defences::white
opening_00293 Scotch Gambit,rnbqkbnr/pppppppp/8/8/8/8/PPPPPPPP/RNBQKBNR w KQkq - 0 1,e4,,,gambit play white,scotch_game,,OCP::00_Openings_Defences::gambit OCP::00_Openings_Defences::play OCP::00_Openings_Defences::Scotch_Game OCP::00_Openings_Defences::white
opening_00294 Scotch Gambit,rnbqkbnr/pppppppp/8/8/4P3/8/PPPP1PPP/RNBQKBNR b KQkq - 0 1,e5,,,gambit play white,scotch_game,,OCP::00_Openings_Defences::gambit OCP::00_Openings_Defences::play OCP::00_Openings_Defences::Scotch_Game OCP::00_Openings_Defences::white
opening_00295 Scotch Gambit,rnbqkbnr/pppp1ppp/8/4p3/4P3/8/PPPP1PPP/RNBQKBNR w KQkq - 0 2,Nf3,,,gambit play white,scotch_game,,OCP::00_Openings_Defences::gambit OCP::00_Openings_Defences::play OCP::00_Openings_Defences::Scotch_Game OCP::00_Openings_Defences::white
opening_00296 Scotch Gambit,rnbqkbnr/pppp1ppp/8/4p3/4P3/5N2/PPPP1PPP/RNBQKB1R b KQkq - 1 2,Nc6,,,gambit play white,scotch_game,,OCP::00_Openings_Defences::gambit OCP::00_Openings_Defences::play OCP::00_Openings_Defences::Scotch_Game OCP::00_Openings_Defences::white
opening_00297 Scotch Gambit,r1bqkbnr/pppp1ppp/2n5/4p3/4P3/5N2/PPPP1PPP/RNBQKB1R w KQkq - 2 3,d4,,,gambit play white,scotch_game,,OCP::00_Openings_Defences::gambit OCP::00_Openings_Defences::play OCP::00_Openings_Defences::Scotch_Game OCP::00_Openings_Defences::white
opening_00298 Scotch Gambit,r1bqkbnr/pppp1ppp/2n5/4p3/3PP3/5N2/PPP2PPP/RNBQKB1R b KQkq - 0 3,exd4,,,gambit play white,scotch_game,,OCP::00_Openings_Defences::gambit OCP::00_Openings_Defences::play OCP::00_Openings_Defences::Scotch_Game OCP::00_Openings_Defences::white
opening_00299 Scotch Gambit,r1bqkbnr/pppp1ppp/2n5/8/3pP3/5N2/PPP2PPP/RNBQKB1R w KQkq - 0 4,Bc4,,,gambit play white,scotch_game,,OCP::00_Openings_Defences::gambit OCP::00_Openings_Defences::play OCP::00_Openings_Defences::Scotch_Game OCP::00_Openings_Defences::white
opening_00300 Scotch Gambit,r1bqkbnr/pppp1ppp/2n5/8/2BpP3/5N2/PPP2PPP/RNBQK2R b KQkq - 1 4,Bc5,,,gambit play white,scotch_game,,OCP::00_Openings_Defences::gambit OCP::00_Openings_Defences::play OCP::00_Openings_Defences::Scotch_Game OCP::00_Openings_Defences::white
opening_00301 Scotch Gambit,r1bqk1nr/pppp1ppp/2n5/2b5/2BpP3/5N2/PPP2PPP/RNBQK2R w KQkq - 2 5,c3,,,gambit play white,scotch_game,,OCP::00_Openings_Defences::gambit OCP::00_Openings_Defences::play OCP::00_Openings_Defences::Scotch_Game OCP::00_Openings_Defences::white
opening_00302 Scotch Mieses,rnbqkbnr/pppppppp/8/8/8/8/PPPPPPPP/RNBQKBNR w KQkq - 0 1,e4,,,pawn storm white,scotch_game,,OCP::00_Openings_Defences::pawn OCP::00_Openings_Defences::Scotch_Game OCP::00_Openings_Defences::storm OCP::00_Openings_Defences::white
opening_00303 Scotch Mieses,rnbqkbnr/pppppppp/8/8/4P3/8/PPPP1PPP/RNBQKBNR b KQkq - 0 1,e5,,,pawn storm white,scotch_game,,OCP::00_Openings_Defences::pawn OCP::00_Openings_Defences::Scotch_Game OCP::00_Openings_Defences::storm OCP::00_Openings_Defences::white
opening_00304 Scotch Mieses,rnbqkbnr/pppp1ppp/8/4p3/4P3/8/PPPP1PPP/RNBQKBNR w KQkq - 0 2,Nf3,,,pawn storm white,scotch_game,,OCP::00_Openings_Defences::pawn OCP::00_Openings_Defences::Scotch_Game OCP::00_Openings_Defences::storm OCP::00_Openings_Defences::white
opening_00305 Scotch Mieses,rnbqkbnr/pppp1ppp/8/4p3/4P3/5N2/PPPP1PPP/RNBQKB1R b KQkq - 1 2,Nc6,,,pawn storm white,scotch_game,,OCP::00_Openings_Defences::pawn OCP::00_Openings_Defences::Scotch_Game OCP::00_Openings_Defences::storm OCP::00_Openings_Defences::white
opening_00306 Scotch Mieses,r1bqkbnr/pppp1ppp/2n5/4p3/4P3/5N2/PPPP1PPP/RNBQKB1R w KQkq - 2 3,d4,,,pawn storm white,scotch_game,,OCP::00_Openings_Defences::pawn OCP::00_Openings_Defences::Scotch_Game OCP::00_Openings_Defences::storm OCP::00_Openings_Defences::white
opening_00307 Scotch Mieses,r1bqkbnr/pppp1ppp/2n5/4p3/3PP3/5N2/PPP2PPP/RNBQKB1R b KQkq - 0 3,exd4,,,pawn storm white,scotch_game,,OCP::00_Openings_Defences::pawn OCP::00_Openings_Defences::Scotch_Game OCP::00_Openings_Defences::storm OCP::00_Openings_Defences::white
opening_00308 Scotch Mieses,r1bqkbnr/pppp1ppp/2n5/8/3pP3/5N2/PPP2PPP/RNBQKB1R w KQkq - 0 4,Nxd4,,,pawn storm white,scotch_game,,OCP::00_Openings_Defences::pawn OCP::00_Openings_Defences::Scotch_Game OCP::00_Openings_Defences::storm OCP::00_Openings_Defences::white
opening_00309 Scotch Mieses,r1bqkbnr/pppp1ppp/2n5/8/3NP3/8/PPP2PPP/RNBQKB1R b KQkq - 0 4,Nf6,,,pawn storm white,scotch_game,,OCP::00_Openings_Defences::pawn OCP::00_Openings_Defences::Scotch_Game OCP::00_Openings_Defences::storm OCP::00_Openings_Defences::white
opening_00310 Scotch Mieses,r1bqkb1r/pppp1ppp/2n2n2/8/3NP3/8/PPP2PPP/RNBQKB1R w KQkq - 1 5,Nxc6,,,pawn storm white,scotch_game,,OCP::00_Openings_Defences::pawn OCP::00_Openings_Defences::Scotch_Game OCP::00_Openings_Defences::storm OCP::00_Openings_Defences::white
opening_00311 Scotch Mieses,r1bqkb1r/pppp1ppp/2N2n2/8/4P3/8/PPP2PPP/RNBQKB1R b KQkq - 0 5,bxc6,,,pawn storm white,scotch_game,,OCP::00_Openings_Defences::pawn OCP::00_Openings_Defences::Scotch_Game OCP::00_Openings_Defences::storm OCP::00_Openings_Defences::white
opening_00312 Scotch Mieses,r1bqkb1r/p1pp1ppp/2p2n2/8/4P3/8/PPP2PPP/RNBQKB1R w KQkq - 0 6,e5,,,pawn storm white,scotch_game,,OCP::00_Openings_Defences::pawn OCP::00_Openings_Defences::Scotch_Game OCP::00_Openings_Defences::storm OCP::00_Openings_Defences::white
opening_00313 Scotch Mieses,r1bqkb1r/p1pp1ppp/2p2n2/4P3/8/8/PPP2PPP/RNBQKB1R b KQkq - 0 6,Qe7,,,pawn storm white,scotch_game,,OCP::00_Openings_Defences::pawn OCP::00_Openings_Defences::Scotch_Game OCP::00_Openings_Defences::storm OCP::00_Openings_Defences::white
opening_00314 Vienna Game,rnbqkbnr/pppppppp/8/8/8/8/PPPPPPPP/RNBQKBNR w KQkq - 0 1,e4,,,knight mainline white,vienna_game,,OCP::00_Openings_Defences::knight OCP::00_Openings_Defences::mainline OCP::00_Openings_Defences::vienna_game OCP::00_Openings_Defences::white
opening_00315 Vienna Game,rnbqkbnr/pppppppp/8/8/4P3/8/PPPP1PPP/RNBQKBNR b KQkq - 0 1,e5,,,knight mainline white,vienna_game,,OCP::00_Openings_Defences::knight OCP::00_Openings_Defences::mainline OCP::00_Openings_Defences::vienna_game OCP::00_Openings_Defences::white
opening_00316 Vienna Game,rnbqkbnr/pppp1ppp/8/4p3/4P3/8/PPPP1PPP/RNBQKBNR w KQkq - 0 2,Nc3,,,knight mainline white,vienna_game,,OCP::00_Openings_Defences::knight OCP::00_Openings_Defences::mainline OCP::00_Openings_Defences::vienna_game OCP::00_Openings_Defences::white
opening_00317 Vienna Game,rnbqkbnr/pppp1ppp/8/4p3/4P3/2N5/PPPP1PPP/R1BQKBNR b KQkq - 1 2,Nf6,,,knight mainline white,vienna_game,,OCP::00_Openings_Defences::knight OCP::00_Openings_Defences::mainline OCP::00_Openings_Defences::vienna_game OCP::00_Openings_Defences::white
opening_00318 Vienna Game,rnbqkb1r/pppp1ppp/5n2/4p3/4P3/2N5/PPPP1PPP/R1BQKBNR w KQkq - 2 3,Bc4,,,knight mainline white,vienna_game,,OCP::00_Openings_Defences::knight OCP::00_Openings_Defences::mainline OCP::00_Openings_Defences::vienna_game OCP::00_Openings_Defences::white
opening_00319 Vienna Game,rnbqkb1r/pppp1ppp/5n2/4p3/2B1P3/2N5/PPPP1PPP/R1BQK1NR b KQkq - 3 3,Nxe4,,,knight mainline white,vienna_game,,OCP::00_Openings_Defences::knight OCP::00_Openings_Defences::mainline OCP::00_Openings_Defences::vienna_game OCP::00_Openings_Defences::white
opening_00320 Vienna Game,rnbqkb1r/pppp1ppp/8/4p3/2B1n3/2N5/PPPP1PPP/R1BQK1NR w KQkq - 0 4,Qh5,,,knight mainline white,vienna_game,,OCP::00_Openings_Defences::knight OCP::00_Openings_Defences::mainline OCP::00_Openings_Defences::vienna_game OCP::00_Openings_Defences::white
opening_00321 Vienna Gambit,rnbqkbnr/pppppppp/8/8/8/8/PPPPPPPP/RNBQKBNR w KQkq - 0 1,e4,,,aggressive gambit white,vienna_game,,OCP::00_Openings_Defences::aggressive OCP::00_Openings_Defences::gambit OCP::00_Openings_Defences::vienna_game OCP::00_Openings_Defences::white
opening_00322 Vienna Gambit,rnbqkbnr/pppppppp/8/8/4P3/8/PPPP1PPP/RNBQKBNR b KQkq - 0 1,e5,,,aggressive gambit white,vienna_game,,OCP::00_Openings_Defences::aggressive OCP::00_Openings_Defences::gambit OCP::00_Openings_Defences::vienna_game OCP::00_Openings_Defences::white
opening_00323 Vienna Gambit,rnbqkbnr/pppp1ppp/8/4p3/4P3/8/PPPP1PPP/RNBQKBNR w KQkq - 0 2,Nc3,,,aggressive gambit white,vienna_game,,OCP::00_Openings_Defences::aggressive OCP::00_Openings_Defences::gambit OCP::00_Openings_Defences::vienna_game OCP::00_Openings_Defences::white
opening_00324 Vienna Gambit,rnbqkbnr/pppp1ppp/8/4p3/4P3/2N5/PPPP1PPP/R1BQKBNR b KQkq - 1 2,Nf6,,,aggressive gambit white,vienna_game,,OCP::00_Openings_Defences::aggressive OCP::00_Openings_Defences::gambit OCP::00_Openings_Defences::vienna_game OCP::00_Openings_Defences::white
opening_00325 Vienna Gambit,rnbqkb1r/pppp1ppp/5n2/4p3/4P3/2N5/PPPP1PPP/R1BQKBNR w KQkq - 2 3,f4,,,aggressive gambit white,vienna_game,,OCP::00_Openings_Defences::aggressive OCP::00_Openings_Defences::gambit OCP::00_Openings_Defences::vienna_game OCP::00_Openings_Defences::white
opening_00326 Vienna Gambit,rnbqkb1r/pppp1ppp/5n2/4p3/4PP2/2N5/PPPP2PP/R1BQKBNR b KQkq - 0 3,d5,,,aggressive gambit white,vienna_game,,OCP::00_Openings_Defences::aggressive OCP::00_Openings_Defences::gambit OCP::00_Openings_Defences::vienna_game OCP::00_Openings_Defences::white
opening_00327 Vienna Gambit,rnbqkb1r/ppp2ppp/5n2/3pp3/4PP2/2N5/PPPP2PP/R1BQKBNR w KQkq - 0 4,fxe5,,,aggressive gambit white,vienna_game,,OCP::00_Openings_Defences::aggressive OCP::00_Openings_Defences::gambit OCP::00_Openings_Defences::vienna_game OCP::00_Openings_Defences::white
opening_00328 Vienna Gambit,rnbqkb1r/ppp2ppp/5n2/3pP3/4P3/2N5/PPPP2PP/R1BQKBNR b KQkq - 0 4,Nxe4,,,aggressive gambit white,vienna_game,,OCP::00_Openings_Defences::aggressive OCP::00_Openings_Defences::gambit OCP::00_Openings_Defences::vienna_game OCP::00_Openings_Defences::white
opening_00329 Vienna Falkbeer,rnbqkbnr/pppppppp/8/8/8/8/PPPPPPPP/RNBQKBNR w KQkq - 0 1,e4,,,fianchetto setup white,vienna_game,,OCP::00_Openings_Defences::fianchetto OCP::00_Openings_Defences::setup OCP::00_Openings_Defences::vienna_game OCP::00_Openings_Defences::white
opening_00330 Vienna Falkbeer,rnbqkbnr/pppppppp/8/8/4P3/8/PPPP1PPP/RNBQKBNR b KQkq - 0 1,e5,,,fianchetto setup white,vienna_game,,OCP::00_Openings_Defences::fianchetto OCP::00_Openings_Defences::setup OCP::00_Openings_Defences::vienna_game OCP::00_Openings_Defences::white
opening_00331 Vienna Falkbeer,rnbqkbnr/pppp1ppp/8/4p3/4P3/8/PPPP1PPP/RNBQKBNR w KQkq - 0 2,Nc3,,,fianchetto setup white,vienna_game,,OCP::00_Openings_Defences::fianchetto OCP::00_Openings_Defences::setup OCP::00_Openings_Defences::vienna_game OCP::00_Openings_Defences::white
opening_00332 Vienna Falkbeer,rnbqkbnr/pppp1ppp/8/4p3/4P3/2N5/PPPP1PPP/R1BQKBNR b KQkq - 1 2,Nc6,,,fianchetto setup white,vienna_game,,OCP::00_Openings_Defences::fianchetto OCP::00_Openings_Defences::setup OCP::00_Openings_Defences::vienna_game OCP::00_Openings_Defences::white
opening_00333 Vienna Falkbeer,r1bqkbnr/pppp1ppp/2n5/4p3/4P3/2N5/PPPP1PPP/R1BQKBNR w KQkq - 2 3,g3,,,fianchetto setup white,vienna_game,,OCP::00_Openings_Defences::fianchetto OCP::00_Openings_Defences::setup OCP::00_Openings_Defences::vienna_game OCP::00_Openings_Defences::white
opening_00334 Vienna Falkbeer,r1bqkbnr/pppp1ppp/2n5/4p3/4P3/2N3P1/PPPP1P1P/R1BQKBNR b KQkq - 0 3,Bc5,,,fianchetto setup white,vienna_game,,OCP::00_Openings_Defences::fianchetto OCP::00_Openings_Defences::setup OCP::00_Openings_Defences::vienna_game OCP::00_Openings_Defences::white
opening_00335 Vienna Falkbeer,r1bqk1nr/pppp1ppp/2n5/2b1p3/4P3/2N3P1/PPPP1P1P/R1BQKBNR w KQkq - 1 4,Bg2,,,fianchetto setup white,vienna_game,,OCP::00_Openings_Defences::fianchetto OCP::00_Openings_Defences::setup OCP::00_Openings_Defences::vienna_game OCP::00_Openings_Defences::white
opening_00336 Vienna Falkbeer,r1bqk1nr/pppp1ppp/2n5/2b1p3/4P3/2N3P1/PPPP1PBP/R1BQK1NR b KQkq - 2 4,d6,,,fianchetto setup white,vienna_game,,OCP::00_Openings_Defences::fianchetto OCP::00_Openings_Defences::setup OCP::00_Openings_Defences::vienna_game OCP::00_Openings_Defences::white
opening_00337 King&#x27;s Gambit,rnbqkbnr/pppppppp/8/8/8/8/PPPPPPPP/RNBQKBNR w KQkq - 0 1,e4,,,romantic mainline white,kings_gambit,,OCP::00_Openings_Defences::Kings_Gambit OCP::00_Openings_Defences::mainline OCP::00_Openings_Defences::romantic OCP::00_Openings_Defences::white
opening_00338 King&#x27;s Gambit,rnbqkbnr/pppppppp/8/8/4P3/8/PPPP1PPP/RNBQKBNR b KQkq - 0 1,e5,,,romantic mainline white,kings_gambit,,OCP::00_Openings_Defences::Kings_Gambit OCP::00_Openings_Defences::mainline OCP::00_Openings_Defences::romantic OCP::00_Openings_Defences::white
opening_00339 King&#x27;s Gambit,rnbqkbnr/pppp1ppp/8/4p3/4P3/8/PPPP1PPP/RNBQKBNR w KQkq - 0 2,f4,,,romantic mainline white,kings_gambit,,OCP::00_Openings_Defences::Kings_Gambit OCP::00_Openings_Defences::mainline OCP::00_Openings_Defences::romantic OCP::00_Openings_Defences::white
opening_00340 King&#x27;s Gambit,rnbqkbnr/pppp1ppp/8/4p3/4PP2/8/PPPP2PP/RNBQKBNR b KQkq - 0 2,exf4,,,romantic mainline white,kings_gambit,,OCP::00_Openings_Defences::Kings_Gambit OCP::00_Openings_Defences::mainline OCP::00_Openings_Defences::romantic OCP::00_Openings_Defences::white
opening_00341 King&#x27;s Gambit,rnbqkbnr/pppp1ppp/8/8/4Pp2/8/PPPP2PP/RNBQKBNR w KQkq - 0 3,Nf3,,,romantic mainline white,kings_gambit,,OCP::00_Openings_Defences::Kings_Gambit OCP::00_Openings_Defences::mainline OCP::00_Openings_Defences::romantic OCP::00_Openings_Defences::white
opening_00342 King&#x27;s Gambit,rnbqkbnr/pppp1ppp/8/8/4Pp2/5N2/PPPP2PP/RNBQKB1R b KQkq - 1 3,g5,,,romantic mainline white,kings_gambit,,OCP::00_Openings_Defences::Kings_Gambit OCP::00_Openings_Defences::mainline OCP::00_Openings_Defences::romantic OCP::00_Openings_Defences::white
opening_00343 King&#x27;s Gambit,rnbqkbnr/pppp1p1p/8/6p1/4Pp2/5N2/PPPP2PP/RNBQKB1R w KQkq - 0 4,h4,,,romantic mainline white,kings_gambit,,OCP::00_Openings_Defences::Kings_Gambit OCP::00_Openings_Defences::mainline OCP::00_Openings_Defences::romantic OCP::00_Openings_Defences::white
opening_00344 King&#x27;s Gambit Accepted,rnbqkbnr/pppppppp/8/8/8/8/PPPPPPPP/RNBQKBNR w KQkq - 0 1,e4,,,development mainline white,kings_gambit,,OCP::00_Openings_Defences::development OCP::00_Openings_Defences::Kings_Gambit OCP::00_Openings_Defences::mainline OCP::00_Openings_Defences::white
opening_00345 King&#x27;s Gambit Accepted,rnbqkbnr/pppppppp/8/8/4P3/8/PPPP1PPP/RNBQKBNR b KQkq - 0 1,e5,,,development mainline white,kings_gambit,,OCP::00_Openings_Defences::development OCP::00_Openings_Defences::Kings_Gambit OCP::00_Openings_Defences::mainline OCP::00_Openings_Defences::white
opening_00346 King&#x27;s Gambit Accepted,rnbqkbnr/pppp1ppp/8/4p3/4P3/8/PPPP1PPP/RNBQKBNR w KQkq - 0 2,f4,,,development mainline white,kings_gambit,,OCP::00_Openings_Defences::development OCP::00_Openings_Defences::Kings_Gambit OCP::00_Openings_Defences::mainline OCP::00_Openings_Defences::white
opening_00347 King&#x27;s Gambit Accepted,rnbqkbnr/pppp1ppp/8/4p3/4PP2/8/PPPP2PP/RNBQKBNR b KQkq - 0 2,exf4,,,development mainline white,kings_gambit,,OCP::00_Openings_Defences::development OCP::00_Openings_Defences::Kings_Gambit OCP::00_Openings_Defences::mainline OCP::00_Openings_Defences::white
opening_00348 King&#x27;s Gambit Accepted,rnbqkbnr/pppp1ppp/8/8/4Pp2/8/PPPP2PP/RNBQKBNR w KQkq - 0 3,Nf3,,,development mainline white,kings_gambit,,OCP::00_Openings_Defences::development OCP::00_Openings_Defences::Kings_Gambit OCP::00_Openings_Defences::mainline OCP::00_Openings_Defences::white
opening_00349 King&#x27;s Gambit Accepted,rnbqkbnr/pppp1ppp/8/8/4Pp2/5N2/PPPP2PP/RNBQKB1R b KQkq - 1 3,g5,,,development mainline white,kings_gambit,,OCP::00_Openings_Defences::development OCP::00_Openings_Defences::Kings_Gambit OCP::00_Openings_Defences::mainline OCP::00_Openings_Defences::white
opening_00350 King&#x27;s Gambit Accepted,rnbqkbnr/pppp1p1p/8/6p1/4Pp2/5N2/PPPP2PP/RNBQKB1R w KQkq - 0 4,Bc4,,,development mainline white,kings_gambit,,OCP::00_Openings_Defences::development OCP::00_Openings_Defences::Kings_Gambit OCP::00_Openings_Defences::mainline OCP::00_Openings_Defences::white
opening_00351 King&#x27;s Gambit Accepted,rnbqkbnr/pppp1p1p/8/6p1/2B1Pp2/5N2/PPPP2PP/RNBQK2R b KQkq - 1 4,g4,,,development mainline white,kings_gambit,,OCP::00_Openings_Defences::development OCP::00_Openings_Defences::Kings_Gambit OCP::00_Openings_Defences::mainline OCP::00_Openings_Defences::white
opening_00352 King&#x27;s Gambit Accepted,rnbqkbnr/pppp1p1p/8/8/2B1Ppp1/5N2/PPPP2PP/RNBQK2R w KQkq - 0 5,O-O,,,development mainline white,kings_gambit,,OCP::00_Openings_Defences::development OCP::00_Openings_Defences::Kings_Gambit OCP::00_Openings_Defences::mainline OCP::00_Openings_Defences::white
opening_00353 King&#x27;s Gambit Bishop,rnbqkbnr/pppppppp/8/8/8/8/PPPPPPPP/RNBQKBNR w KQkq - 0 1,e4,,,rapid development white,kings_gambit,,OCP::00_Openings_Defences::development OCP::00_Openings_Defences::Kings_Gambit OCP::00_Openings_Defences::rapid OCP::00_Openings_Defences::white
opening_00354 King&#x27;s Gambit Bishop,rnbqkbnr/pppppppp/8/8/4P3/8/PPPP1PPP/RNBQKBNR b KQkq - 0 1,e5,,,rapid development white,kings_gambit,,OCP::00_Openings_Defences::development OCP::00_Openings_Defences::Kings_Gambit OCP::00_Openings_Defences::rapid OCP::00_Openings_Defences::white
opening_00355 King&#x27;s Gambit Bishop,rnbqkbnr/pppp1ppp/8/4p3/4P3/8/PPPP1PPP/RNBQKBNR w KQkq - 0 2,f4,,,rapid development white,kings_gambit,,OCP::00_Openings_Defences::development OCP::00_Openings_Defences::Kings_Gambit OCP::00_Openings_Defences::rapid OCP::00_Openings_Defences::white
opening_00356 King&#x27;s Gambit Bishop,rnbqkbnr/pppp1ppp/8/4p3/4PP2/8/PPPP2PP/RNBQKBNR b KQkq - 0 2,exf4,,,rapid development white,kings_gambit,,OCP::00_Openings_Defences::development OCP::00_Openings_Defences::Kings_Gambit OCP::00_Openings_Defences::rapid OCP::00_Openings_Defences::white
opening_00357 King&#x27;s Gambit Bishop,rnbqkbnr/pppp1ppp/8/8/4Pp2/8/PPPP2PP/RNBQKBNR w KQkq - 0 3,Bc4,,,rapid development white,kings_gambit,,OCP::00_Openings_Defences::development OCP::00_Openings_Defences::Kings_Gambit OCP::00_Openings_Defences::rapid OCP::00_Openings_Defences::white
opening_00358 King&#x27;s Gambit Bishop,rnbqkbnr/pppp1ppp/8/8/2B1Pp2/8/PPPP2PP/RNBQK1NR b KQkq - 1 3,Qh4+,,,rapid development white,kings_gambit,,OCP::00_Openings_Defences::development OCP::00_Openings_Defences::Kings_Gambit OCP::00_Openings_Defences::rapid OCP::00_Openings_Defences::white
opening_00359 King&#x27;s Gambit Bishop,rnb1kbnr/pppp1ppp/8/8/2B1Pp1q/8/PPPP2PP/RNBQK1NR w KQkq - 2 4,Kf1,,,rapid development white,kings_gambit,,OCP::00_Openings_Defences::development OCP::00_Openings_Defences::Kings_Gambit OCP::00_Openings_Defences::rapid OCP::00_Openings_Defences::white
opening_00360 King&#x27;s Gambit Bishop,rnb1kbnr/pppp1ppp/8/8/2B1Pp1q/8/PPPP2PP/RNBQ1KNR b kq - 3 4,d6,,,rapid development white,kings_gambit,,OCP::00_Openings_Defences::development OCP::00_Openings_Defences::Kings_Gambit OCP::00_Openings_Defences::rapid OCP::00_Openings_Defences::white
opening_00361 Sicilian Defense,rnbqkbnr/pppppppp/8/8/8/8/PPPPPPPP/RNBQKBNR w KQkq - 0 1,e4,,,counterattack mainline black,sicilian,,OCP::00_Openings_Defences::black OCP::00_Openings_Defences::counterattack OCP::00_Openings_Defences::mainline OCP::00_Openings_Defences::sicilian
opening_00362 Sicilian Defense,rnbqkbnr/pppppppp/8/8/4P3/8/PPPP1PPP/RNBQKBNR b KQkq - 0 1,c5,,,counterattack mainline black,sicilian,,OCP::00_Openings_Defences::black OCP::00_Openings_Defences::counterattack OCP::00_Openings_Defences::mainline OCP::00_Openings_Defences::sicilian
opening_00363 Sicilian Defense,rnbqkbnr/pp1ppppp/8/2p5/4P3/8/PPPP1PPP/RNBQKBNR w KQkq - 0 2,Nf3,,,counterattack mainline black,sicilian,,OCP::00_Openings_Defences::black OCP::00_Openings_Defences::counterattack OCP::00_Openings_Defences::mainline OCP::00_Openings_Defences::sicilian
opening_00364 Sicilian Defense,rnbqkbnr/pp1ppppp/8/2p5/4P3/5N2/PPPP1PPP/RNBQKB1R b KQkq - 1 2,d6,,,counterattack mainline black,sicilian,,OCP::00_Openings_Defences::black OCP::00_Openings_Defences::counterattack OCP::00_Openings_Defences::mainline OCP::00_Openings_Defences::sicilian
opening_00365 Sicilian Defense,rnbqkbnr/pp2pppp/3p4/2p5/4P3/5N2/PPPP1PPP/RNBQKB1R w KQkq - 0 3,d4,,,counterattack mainline black,sicilian,,OCP::00_Openings_Defences::black OCP::00_Openings_Defences::counterattack OCP::00_Openings_Defences::mainline OCP::00_Openings_Defences::sicilian
opening_00366 Sicilian Defense,rnbqkbnr/pp2pppp/3p4/2p5/3PP3/5N2/PPP2PPP/RNBQKB1R b KQkq - 0 3,cxd4,,,counterattack mainline black,sicilian,,OCP::00_Openings_Defences::black OCP::00_Openings_Defences::counterattack OCP::00_Openings_Defences::mainline OCP::00_Openings_Defences::sicilian
opening_00367 Sicilian Defense,rnbqkbnr/pp2pppp/3p4/8/3pP3/5N2/PPP2PPP/RNBQKB1R w KQkq - 0 4,Nxd4,,,counterattack mainline black,sicilian,,OCP::00_Openings_Defences::black OCP::00_Openings_Defences::counterattack OCP::00_Openings_Defences::mainline OCP::00_Openings_Defences::sicilian
opening_00368 Sicilian Accelerated Dragon,rnbqkbnr/pppppppp/8/8/8/8/PPPPPPPP/RNBQKBNR w KQkq - 0 1,e4,,,development mainline black,sicilian,,OCP::00_Openings_Defences::black OCP::00_Openings_Defences::development OCP::00_Openings_Defences::mainline OCP::00_Openings_Defences::sicilian
opening_00369 Sicilian Accelerated Dragon,rnbqkbnr/pppppppp/8/8/4P3/8/PPPP1PPP/RNBQKBNR b KQkq - 0 1,c5,,,development mainline black,sicilian,,OCP::00_Openings_Defences::black OCP::00_Openings_Defences::development OCP::00_Openings_Defences::mainline OCP::00_Openings_Defences::sicilian
opening_00370 Sicilian Accelerated Dragon,rnbqkbnr/pp1ppppp/8/2p5/4P3/8/PPPP1PPP/RNBQKBNR w KQkq - 0 2,Nf3,,,development mainline black,sicilian,,OCP::00_Openings_Defences::black OCP::00_Openings_Defences::development OCP::00_Openings_Defences::mainline OCP::00_Openings_Defences::sicilian
opening_00371 Sicilian Accelerated Dragon,rnbqkbnr/pp1ppppp/8/2p5/4P3/5N2/PPPP1PPP/RNBQKB1R b KQkq - 1 2,Nc6,,,development mainline black,sicilian,,OCP::00_Openings_Defences::black OCP::00_Openings_Defences::development OCP::00_Openings_Defences::mainline OCP::00_Openings_Defences::sicilian
opening_00372 Sicilian Accelerated Dragon,r1bqkbnr/pp1ppppp/2n5/2p5/4P3/5N2/PPPP1PPP/RNBQKB1R w KQkq - 2 3,d4,,,development mainline black,sicilian,,OCP::00_Openings_Defences::black OCP::00_Openings_Defences::development OCP::00_Openings_Defences::mainline OCP::00_Openings_Defences::sicilian
opening_00373 Sicilian Accelerated Dragon,r1bqkbnr/pp1ppppp/2n5/2p5/3PP3/5N2/PPP2PPP/RNBQKB1R b KQkq - 0 3,cxd4,,,development mainline black,sicilian,,OCP::00_Openings_Defences::black OCP::00_Openings_Defences::development OCP::00_Openings_Defences::mainline OCP::00_Openings_Defences::sicilian
opening_00374 Sicilian Accelerated Dragon,r1bqkbnr/pp1ppppp/2n5/8/3pP3/5N2/PPP2PPP/RNBQKB1R w KQkq - 0 4,Nxd4,,,development mainline black,sicilian,,OCP::00_Openings_Defences::black OCP::00_Openings_Defences::development OCP::00_Openings_Defences::mainline OCP::00_Openings_Defences::sicilian
opening_00375 Sicilian Accelerated Dragon,r1bqkbnr/pp1ppppp/2n5/8/3NP3/8/PPP2PPP/RNBQKB1R b KQkq - 0 4,g6,,,development mainline black,sicilian,,OCP::00_Openings_Defences::black OCP::00_Openings_Defences::development OCP::00_Openings_Defences::mainline OCP::00_Openings_Defences::sicilian
opening_00376 Sicilian Accelerated Dragon,r1bqkbnr/pp1ppp1p/2n3p1/8/3NP3/8/PPP2PPP/RNBQKB1R w KQkq - 0 5,Nc3,,,development mainline black,sicilian,,OCP::00_Openings_Defences::black OCP::00_Openings_Defences::development OCP::00_Openings_Defences::mainline OCP::00_Openings_Defences::sicilian
opening_00377 Sicilian Accelerated Dragon,r1bqkbnr/pp1ppp1p/2n3p1/8/3NP3/2N5/PPP2PPP/R1BQKB1R b KQkq - 1 5,Bg7,,,development mainline black,sicilian,,OCP::00_Openings_Defences::black OCP::00_Openings_Defences::development OCP::00_Openings_Defences::mainline OCP::00_Openings_Defences::sicilian
opening_00378 Sicilian Accelerated Dragon,r1bqk1nr/pp1pppbp/2n3p1/8/3NP3/2N5/PPP2PPP/R1BQKB1R w KQkq - 2 6,Be3,,,development mainline black,sicilian,,OCP::00_Openings_Defences::black OCP::00_Openings_Defences::development OCP::00_Openings_Defences::mainline OCP::00_Openings_Defences::sicilian
opening_00379 Sicilian Najdorf,rnbqkbnr/pppppppp/8/8/8/8/PPPPPPPP/RNBQKBNR w KQkq - 0 1,e4,,,complex sharp black,sicilian,,OCP::00_Openings_Defences::black OCP::00_Openings_Defences::complex OCP::00_Openings_Defences::sharp OCP::00_Openings_Defences::sicilian
opening_00380 Sicilian Najdorf,rnbqkbnr/pppppppp/8/8/4P3/8/PPPP1PPP/RNBQKBNR b KQkq - 0 1,c5,,,complex sharp black,sicilian,,OCP::00_Openings_Defences::black OCP::00_Openings_Defences::complex OCP::00_Openings_Defences::sharp OCP::00_Openings_Defences::sicilian
opening_00381 Sicilian Najdorf,rnbqkbnr/pp1ppppp/8/2p5/4P3/8/PPPP1PPP/RNBQKBNR w KQkq - 0 2,Nf3,,,complex sharp black,sicilian,,OCP::00_Openings_Defences::black OCP::00_Openings_Defences::complex OCP::00_Openings_Defences::sharp OCP::00_Openings_Defences::sicilian
opening_00382 Sicilian Najdorf,rnbqkbnr/pp1ppppp/8/2p5/4P3/5N2/PPPP1PPP/RNBQKB1R b KQkq - 1 2,d6,,,complex sharp black,sicilian,,OCP::00_Openings_Defences::black OCP::00_Openings_Defences::complex OCP::00_Openings_Defences::sharp OCP::00_Openings_Defences::sicilian
opening_00383 Sicilian Najdorf,rnbqkbnr/pp2pppp/3p4/2p5/4P3/5N2/PPPP1PPP/RNBQKB1R w KQkq - 0 3,d4,,,complex sharp black,sicilian,,OCP::00_Openings_Defences::black OCP::00_Openings_Defences::complex OCP::00_Openings_Defences::sharp OCP::00_Openings_Defences::sicilian
opening_00384 Sicilian Najdorf,rnbqkbnr/pp2pppp/3p4/2p5/3PP3/5N2/PPP2PPP/RNBQKB1R b KQkq - 0 3,cxd4,,,complex sharp black,sicilian,,OCP::00_Openings_Defences::black OCP::00_Openings_Defences::complex OCP::00_Openings_Defences::sharp OCP::00_Openings_Defences::sicilian
opening_00385 Sicilian Najdorf,rnbqkbnr/pp2pppp/3p4/8/3pP3/5N2/PPP2PPP/RNBQKB1R w KQkq - 0 4,Nxd4,,,complex sharp black,sicilian,,OCP::00_Openings_Defences::black OCP::00_Openings_Defences::complex OCP::00_Openings_Defences::sharp OCP::00_Openings_Defences::sicilian
opening_00386 Sicilian Najdorf,rnbqkbnr/pp2pppp/3p4/8/3NP3/8/PPP2PPP/RNBQKB1R b KQkq - 0 4,Nf6,,,complex sharp black,sicilian,,OCP::00_Openings_Defences::black OCP::00_Openings_Defences::complex OCP::00_Openings_Defences::sharp OCP::00_Openings_Defences::sicilian
opening_00387 Sicilian Najdorf,rnbqkb1r/pp2pppp/3p1n2/8/3NP3/8/PPP2PPP/RNBQKB1R w KQkq - 1 5,Nc3,,,complex sharp black,sicilian,,OCP::00_Openings_Defences::black OCP::00_Openings_Defences::complex OCP::00_Openings_Defences::sharp OCP::00_Openings_Defences::sicilian
opening_00388 Sicilian Najdorf,rnbqkb1r/pp2pppp/3p1n2/8/3NP3/2N5/PPP2PPP/R1BQKB1R b KQkq - 2 5,a6,,,complex sharp black,sicilian,,OCP::00_Openings_Defences::black OCP::00_Openings_Defences::complex OCP::00_Openings_Defences::sharp OCP::00_Openings_Defences::sicilian
opening_00389 Sicilian Najdorf,rnbqkb1r/1p2pppp/p2p1n2/8/3NP3/2N5/PPP2PPP/R1BQKB1R w KQkq - 0 6,Be3,,,complex sharp black,sicilian,,OCP::00_Openings_Defences::black OCP::00_Openings_Defences::complex OCP::00_Openings_Defences::sharp OCP::00_Openings_Defences::sicilian
opening_00390 Sicilian Najdorf,rnbqkb1r/1p2pppp/p2p1n2/8/3NP3/2N1B3/PPP2PPP/R2QKB1R b KQkq - 1 6,e6,,,complex sharp black,sicilian,,OCP::00_Openings_Defences::black OCP::00_Openings_Defences::complex OCP::00_Openings_Defences::sharp OCP::00_Openings_Defences::sicilian
opening_00391 Sicilian Dragon,rnbqkbnr/pppppppp/8/8/8/8/PPPPPPPP/RNBQKBNR w KQkq - 0 1,e4,,,attacking kingside black,sicilian,,OCP::00_Openings_Defences::attacking OCP::00_Openings_Defences::black OCP::00_Openings_Defences::kingside OCP::00_Openings_Defences::sicilian
opening_00392 Sicilian Dragon,rnbqkbnr/pppppppp/8/8/4P3/8/PPPP1PPP/RNBQKBNR b KQkq - 0 1,c5,,,attacking kingside black,sicilian,,OCP::00_Openings_Defences::attacking OCP::00_Openings_Defences::black OCP::00_Openings_Defences::kingside OCP::00_Openings_Defences::sicilian
opening_00393 Sicilian Dragon,rnbqkbnr/pp1ppppp/8/2p5/4P3/8/PPPP1PPP/RNBQKBNR w KQkq - 0 2,Nf3,,,attacking kingside black,sicilian,,OCP::00_Openings_Defences::attacking OCP::00_Openings_Defences::black OCP::00_Openings_Defences::kingside OCP::00_Openings_Defences::sicilian
opening_00394 Sicilian Dragon,rnbqkbnr/pp1ppppp/8/2p5/4P3/5N2/PPPP1PPP/RNBQKB1R b KQkq - 1 2,d6,,,attacking kingside black,sicilian,,OCP::00_Openings_Defences::attacking OCP::00_Openings_Defences::black OCP::00_Openings_Defences::kingside OCP::00_Openings_Defences::sicilian
opening_00395 Sicilian Dragon,rnbqkbnr/pp2pppp/3p4/2p5/4P3/5N2/PPPP1PPP/RNBQKB1R w KQkq - 0 3,d4,,,attacking kingside black,sicilian,,OCP::00_Openings_Defences::attacking OCP::00_Openings_Defences::black OCP::00_Openings_Defences::kingside OCP::00_Openings_Defences::sicilian
opening_00396 Sicilian Dragon,rnbqkbnr/pp2pppp/3p4/2p5/3PP3/5N2/PPP2PPP/RNBQKB1R b KQkq - 0 3,cxd4,,,attacking kingside black,sicilian,,OCP::00_Openings_Defences::attacking OCP::00_Openings_Defences::black OCP::00_Openings_Defences::kingside OCP::00_Openings_Defences::sicilian
opening_00397 Sicilian Dragon,rnbqkbnr/pp2pppp/3p4/8/3pP3/5N2/PPP2PPP/RNBQKB1R w KQkq - 0 4,Nxd4,,,attacking kingside black,sicilian,,OCP::00_Openings_Defences::attacking OCP::00_Openings_Defences::black OCP::00_Openings_Defences::kingside OCP::00_Openings_Defences::sicilian
opening_00398 Sicilian Dragon,rnbqkbnr/pp2pppp/3p4/8/3NP3/8/PPP2PPP/RNBQKB1R b KQkq - 0 4,Nf6,,,attacking kingside black,sicilian,,OCP::00_Openings_Defences::attacking OCP::00_Openings_Defences::black OCP::00_Openings_Defences::kingside OCP::00_Openings_Defences::sicilian
opening_00399 Sicilian Dragon,rnbqkb1r/pp2pppp/3p1n2/8/3NP3/8/PPP2PPP/RNBQKB1R w KQkq - 1 5,Nc3,,,attacking kingside black,sicilian,,OCP::00_Openings_Defences::attacking OCP::00_Openings_Defences::black OCP::00_Openings_Defences::kingside OCP::00_Openings_Defences::sicilian
opening_00400 Sicilian Dragon,rnbqkb1r/pp2pppp/3p1n2/8/3NP3/2N5/PPP2PPP/R1BQKB1R b KQkq - 2 5,g6,,,attacking kingside black,sicilian,,OCP::00_Openings_Defences::attacking OCP::00_Openings_Defences::black OCP::00_Openings_Defences::kingside OCP::00_Openings_Defences::sicilian
opening_00401 Sicilian Dragon,rnbqkb1r/pp2pp1p/3p1np1/8/3NP3/2N5/PPP2PPP/R1BQKB1R w KQkq - 0 6,Be3,,,attacking kingside black,sicilian,,OCP::00_Openings_Defences::attacking OCP::00_Openings_Defences::black OCP::00_Openings_Defences::kingside OCP::00_Openings_Defences::sicilian
opening_00402 Sicilian Dragon,rnbqkb1r/pp2pp1p/3p1np1/8/3NP3/2N1B3/PPP2PPP/R2QKB1R b KQkq - 1 6,Bg7,,,attacking kingside black,sicilian,,OCP::00_Openings_Defences::attacking OCP::00_Openings_Defences::black OCP::00_Openings_Defences::kingside OCP::00_Openings_Defences::sicilian
opening_00403 Sicilian Dragon,rnbqk2r/pp2ppbp/3p1np1/8/3NP3/2N1B3/PPP2PPP/R2QKB1R w KQkq - 2 7,f3,,,attacking kingside black,sicilian,,OCP::00_Openings_Defences::attacking OCP::00_Openings_Defences::black OCP::00_Openings_Defences::kingside OCP::00_Openings_Defences::sicilian
opening_00404 Sicilian Classical,rnbqkbnr/pppppppp/8/8/8/8/PPPPPPPP/RNBQKBNR w KQkq - 0 1,e4,,,solid black,sicilian,,OCP::00_Openings_Defences::black OCP::00_Openings_Defences::sicilian OCP::00_Openings_Defences::solid
opening_00405 Sicilian Classical,rnbqkbnr/pppppppp/8/8/4P3/8/PPPP1PPP/RNBQKBNR b KQkq - 0 1,c5,,,solid black,sicilian,,OCP::00_Openings_Defences::black OCP::00_Openings_Defences::sicilian OCP::00_Openings_Defences::solid
opening_00406 Sicilian Classical,rnbqkbnr/pp1ppppp/8/2p5/4P3/8/PPPP1PPP/RNBQKBNR w KQkq - 0 2,Nf3,,,solid black,sicilian,,OCP::00_Openings_Defences::black OCP::00_Openings_Defences::sicilian OCP::00_Openings_Defences::solid
opening_00407 Sicilian Classical,rnbqkbnr/pp1ppppp/8/2p5/4P3/5N2/PPPP1PPP/RNBQKB1R b KQkq - 1 2,Nc6,,,solid black,sicilian,,OCP::00_Openings_Defences::black OCP::00_Openings_Defences::sicilian OCP::00_Openings_Defences::solid
opening_00408 Sicilian Classical,r1bqkbnr/pp1ppppp/2n5/2p5/4P3/5N2/PPPP1PPP/RNBQKB1R w KQkq - 2 3,d4,,,solid black,sicilian,,OCP::00_Openings_Defences::black OCP::00_Openings_Defences::sicilian OCP::00_Openings_Defences::solid
opening_00409 Sicilian Classical,r1bqkbnr/pp1ppppp/2n5/2p5/3PP3/5N2/PPP2PPP/RNBQKB1R b KQkq - 0 3,cxd4,,,solid black,sicilian,,OCP::00_Openings_Defences::black OCP::00_Openings_Defences::sicilian OCP::00_Openings_Defences::solid
opening_00410 Sicilian Classical,r1bqkbnr/pp1ppppp/2n5/8/3pP3/5N2/PPP2PPP/RNBQKB1R w KQkq - 0 4,Nxd4,,,solid black,sicilian,,OCP::00_Openings_Defences::black OCP::00_Openings_Defences::sicilian OCP::00_Openings_Defences::solid
opening_00411 Sicilian Classical,r1bqkbnr/pp1ppppp/2n5/8/3NP3/8/PPP2PPP/RNBQKB1R b KQkq - 0 4,Nf6,,,solid black,sicilian,,OCP::00_Openings_Defences::black OCP::00_Openings_Defences::sicilian OCP::00_Openings_Defences::solid
opening_00412 Sicilian Classical,r1bqkb1r/pp1ppppp/2n2n2/8/3NP3/8/PPP2PPP/RNBQKB1R w KQkq - 1 5,Nc3,,,solid black,sicilian,,OCP::00_Openings_Defences::black OCP::00_Openings_Defences::sicilian OCP::00_Openings_Defences::solid
opening_00413 Sicilian Classical,r1bqkb1r/pp1ppppp/2n2n2/8/3NP3/2N5/PPP2PPP/R1BQKB1R b KQkq - 2 5,d6,,,solid black,sicilian,,OCP::00_Openings_Defences::black OCP::00_Openings_Defences::sicilian OCP::00_Openings_Defences::solid
opening_00414 French Defense,rnbqkbnr/pppppppp/8/8/8/8/PPPPPPPP/RNBQKBNR w KQkq - 0 1,e4,,,solid mainline counterattack black,french_defence,,OCP::00_Openings_Defences::black OCP::00_Openings_Defences::counterattack OCP::00_Openings_Defences::french_defence OCP::00_Openings_Defences::mainline OCP::00_Openings_Defences::solid
opening_00415 French Defense,rnbqkbnr/pppppppp/8/8/4P3/8/PPPP1PPP/RNBQKBNR b KQkq - 0 1,e6,,,solid mainline counterattack black,french_defence,,OCP::00_Openings_Defences::black OCP::00_Openings_Defences::counterattack OCP::00_Openings_Defences::french_defence OCP::00_Openings_Defences::mainline OCP::00_Openings_Defences::solid
opening_00416 French Defense,rnbqkbnr/pppp1ppp/4p3/8/4P3/8/PPPP1PPP/RNBQKBNR w KQkq - 0 2,d4,,,solid mainline counterattack black,french_defence,,OCP::00_Openings_Defences::black OCP::00_Openings_Defences::counterattack OCP::00_Openings_Defences::french_defence OCP::00_Openings_Defences::mainline OCP::00_Openings_Defences::solid
opening_00417 French Defense,rnbqkbnr/pppp1ppp/4p3/8/3PP3/8/PPP2PPP/RNBQKBNR b KQkq - 0 2,d5,,,solid mainline counterattack black,french_defence,,OCP::00_Openings_Defences::black OCP::00_Openings_Defences::counterattack OCP::00_Openings_Defences::french_defence OCP::00_Openings_Defences::mainline OCP::00_Openings_Defences::solid
opening_00418 French Defense,rnbqkbnr/ppp2ppp/4p3/3p4/3PP3/8/PPP2PPP/RNBQKBNR w KQkq - 0 3,Nc3,,,solid mainline counterattack black,french_defence,,OCP::00_Openings_Defences::black OCP::00_Openings_Defences::counterattack OCP::00_Openings_Defences::french_defence OCP::00_Openings_Defences::mainline OCP::00_Openings_Defences::solid
opening_00419 French Defense,rnbqkbnr/ppp2ppp/4p3/3p4/3PP3/2N5/PPP2PPP/R1BQKBNR b KQkq - 1 3,Bb4,,,solid mainline counterattack black,french_defence,,OCP::00_Openings_Defences::black OCP::00_Openings_Defences::counterattack OCP::00_Openings_Defences::french_defence OCP::00_Openings_Defences::mainline OCP::00_Openings_Defences::solid
opening_00420 French Defense,rnbqk1nr/ppp2ppp/4p3/3p4/1b1PP3/2N5/PPP2PPP/R1BQKBNR w KQkq - 2 4,e5,,,solid mainline counterattack black,french_defence,,OCP::00_Openings_Defences::black OCP::00_Openings_Defences::counterattack OCP::00_Openings_Defences::french_defence OCP::00_Openings_Defences::mainline OCP::00_Openings_Defences::solid
opening_00421 French Defense,rnbqk1nr/ppp2ppp/4p3/3pP3/1b1P4/2N5/PPP2PPP/R1BQKBNR b KQkq - 0 4,c5,,,solid mainline counterattack black,french_defence,,OCP::00_Openings_Defences::black OCP::00_Openings_Defences::counterattack OCP::00_Openings_Defences::french_defence OCP::00_Openings_Defences::mainline OCP::00_Openings_Defences::solid
opening_00422 French Classical,rnbqkbnr/pppppppp/8/8/8/8/PPPPPPPP/RNBQKBNR w KQkq - 0 1,e4,,,development mainline counterattack black,french_defence,,OCP::00_Openings_Defences::black OCP::00_Openings_Defences::counterattack OCP::00_Openings_Defences::development OCP::00_Openings_Defences::french_defence OCP::00_Openings_Defences::mainline
opening_00423 French Classical,rnbqkbnr/pppppppp/8/8/4P3/8/PPPP1PPP/RNBQKBNR b KQkq - 0 1,e6,,,development mainline counterattack black,french_defence,,OCP::00_Openings_Defences::black OCP::00_Openings_Defences::counterattack OCP::00_Openings_Defences::development OCP::00_Openings_Defences::french_defence OCP::00_Openings_Defences::mainline
opening_00424 French Classical,rnbqkbnr/pppp1ppp/4p3/8/4P3/8/PPPP1PPP/RNBQKBNR w KQkq - 0 2,d4,,,development mainline counterattack black,french_defence,,OCP::00_Openings_Defences::black OCP::00_Openings_Defences::counterattack OCP::00_Openings_Defences::development OCP::00_Openings_Defences::french_defence OCP::00_Openings_Defences::mainline
opening_00425 French Classical,rnbqkbnr/pppp1ppp/4p3/8/3PP3/8/PPP2PPP/RNBQKBNR b KQkq - 0 2,d5,,,development mainline counterattack black,french_defence,,OCP::00_Openings_Defences::black OCP::00_Openings_Defences::counterattack OCP::00_Openings_Defences::development OCP::00_Openings_Defences::french_defence OCP::00_Openings_Defences::mainline
opening_00426 French Classical,rnbqkbnr/ppp2ppp/4p3/3p4/3PP3/8/PPP2PPP/RNBQKBNR w KQkq - 0 3,Nc3,,,development mainline counterattack black,french_defence,,OCP::00_Openings_Defences::black OCP::00_Openings_Defences::counterattack OCP::00_Openings_Defences::development OCP::00_Openings_Defences::french_defence OCP::00_Openings_Defences::mainline
opening_00427 French Classical,rnbqkbnr/ppp2ppp/4p3/3p4/3PP3/2N5/PPP2PPP/R1BQKBNR b KQkq - 1 3,Nf6,,,development mainline counterattack black,french_defence,,OCP::00_Openings_Defences::black OCP::00_Openings_Defences::counterattack OCP::00_Openings_Defences::development OCP::00_Openings_Defences::french_defence OCP::00_Openings_Defences::mainline
opening_00428 French Classical,rnbqkb1r/ppp2ppp/4pn2/3p4/3PP3/2N5/PPP2PPP/R1BQKBNR w KQkq - 2 4,Bg5,,,development mainline counterattack black,french_defence,,OCP::00_Openings_Defences::black OCP::00_Openings_Defences::counterattack OCP::00_Openings_Defences::development OCP::00_Openings_Defences::french_defence OCP::00_Openings_Defences::mainline
opening_00429 French Classical,rnbqkb1r/ppp2ppp/4pn2/3p2B1/3PP3/2N5/PPP2PPP/R2QKBNR b KQkq - 3 4,Be7,,,development mainline counterattack black,french_defence,,OCP::00_Openings_Defences::black OCP::00_Openings_Defences::counterattack OCP::00_Openings_Defences::development OCP::00_Openings_Defences::french_defence OCP::00_Openings_Defences::mainline
opening_00430 French Classical,rnbqk2r/ppp1bppp/4pn2/3p2B1/3PP3/2N5/PPP2PPP/R2QKBNR w KQkq - 4 5,e5,,,development mainline counterattack black,french_defence,,OCP::00_Openings_Defences::black OCP::00_Openings_Defences::counterattack OCP::00_Openings_Defences::development OCP::00_Openings_Defences::french_defence OCP::00_Openings_Defences::mainline
opening_00431 French Classical,rnbqk2r/ppp1bppp/4pn2/3pP1B1/3P4/2N5/PPP2PPP/R2QKBNR b KQkq - 0 5,Nfd7,,,development mainline counterattack black,french_defence,,OCP::00_Openings_Defences::black OCP::00_Openings_Defences::counterattack OCP::00_Openings_Defences::development OCP::00_Openings_Defences::french_defence OCP::00_Openings_Defences::mainline
opening_00432 French Advance,rnbqkbnr/pppppppp/8/8/8/8/PPPPPPPP/RNBQKBNR w KQkq - 0 1,e4,,,space fight black,french_defence,,OCP::00_Openings_Defences::black OCP::00_Openings_Defences::fight OCP::00_Openings_Defences::french_defence OCP::00_Openings_Defences::space
opening_00433 French Advance,rnbqkbnr/pppppppp/8/8/4P3/8/PPPP1PPP/RNBQKBNR b KQkq - 0 1,e6,,,space fight black,french_defence,,OCP::00_Openings_Defences::black OCP::00_Openings_Defences::fight OCP::00_Openings_Defences::french_defence OCP::00_Openings_Defences::space
opening_00434 French Advance,rnbqkbnr/pppp1ppp/4p3/8/4P3/8/PPPP1PPP/RNBQKBNR w KQkq - 0 2,d4,,,space fight black,french_defence,,OCP::00_Openings_Defences::black OCP::00_Openings_Defences::fight OCP::00_Openings_Defences::french_defence OCP::00_Openings_Defences::space
opening_00435 French Advance,rnbqkbnr/pppp1ppp/4p3/8/3PP3/8/PPP2PPP/RNBQKBNR b KQkq - 0 2,d5,,,space fight black,french_defence,,OCP::00_Openings_Defences::black OCP::00_Openings_Defences::fight OCP::00_Openings_Defences::french_defence OCP::00_Openings_Defences::space
opening_00436 French Advance,rnbqkbnr/ppp2ppp/4p3/3p4/3PP3/8/PPP2PPP/RNBQKBNR w KQkq - 0 3,e5,,,space fight black,french_defence,,OCP::00_Openings_Defences::black OCP::00_Openings_Defences::fight OCP::00_Openings_Defences::french_defence OCP::00_Openings_Defences::space
opening_00437 French Advance,rnbqkbnr/ppp2ppp/4p3/3pP3/3P4/8/PPP2PPP/RNBQKBNR b KQkq - 0 3,c5,,,space fight black,french_defence,,OCP::00_Openings_Defences::black OCP::00_Openings_Defences::fight OCP::00_Openings_Defences::french_defence OCP::00_Openings_Defences::space
opening_00438 French Advance,rnbqkbnr/pp3ppp/4p3/2ppP3/3P4/8/PPP2PPP/RNBQKBNR w KQkq - 0 4,c3,,,space fight black,french_defence,,OCP::00_Openings_Defences::black OCP::00_Openings_Defences::fight OCP::00_Openings_Defences::french_defence OCP::00_Openings_Defences::space
opening_00439 French Advance,rnbqkbnr/pp3ppp/4p3/2ppP3/3P4/2P5/PP3PPP/RNBQKBNR b KQkq - 0 4,Nc6,,,space fight black,french_defence,,OCP::00_Openings_Defences::black OCP::00_Openings_Defences::fight OCP::00_Openings_Defences::french_defence OCP::00_Openings_Defences::space
opening_00440 French Advance,r1bqkbnr/pp3ppp/2n1p3/2ppP3/3P4/2P5/PP3PPP/RNBQKBNR w KQkq - 1 5,Nf3,,,space fight black,french_defence,,OCP::00_Openings_Defences::black OCP::00_Openings_Defences::fight OCP::00_Openings_Defences::french_defence OCP::00_Openings_Defences::space
opening_00441 Caro-Kann Defense,rnbqkbnr/pppppppp/8/8/8/8/PPPPPPPP/RNBQKBNR w KQkq - 0 1,e4,,,solid mainline black,caro_kann,,OCP::00_Openings_Defences::black OCP::00_Openings_Defences::Caro_Kann OCP::00_Openings_Defences::mainline OCP::00_Openings_Defences::solid
opening_00442 Caro-Kann Defense,rnbqkbnr/pppppppp/8/8/4P3/8/PPPP1PPP/RNBQKBNR b KQkq - 0 1,c6,,,solid mainline black,caro_kann,,OCP::00_Openings_Defences::black OCP::00_Openings_Defences::Caro_Kann OCP::00_Openings_Defences::mainline OCP::00_Openings_Defences::solid
opening_00443 Caro-Kann Defense,rnbqkbnr/pp1ppppp/2p5/8/4P3/8/PPPP1PPP/RNBQKBNR w KQkq - 0 2,d4,,,solid mainline black,caro_kann,,OCP::00_Openings_Defences::black OCP::00_Openings_Defences::Caro_Kann OCP::00_Openings_Defences::mainline OCP::00_Openings_Defences::solid
opening_00444 Caro-Kann Defense,rnbqkbnr/pp1ppppp/2p5/8/3PP3/8/PPP2PPP/RNBQKBNR b KQkq - 0 2,d5,,,solid mainline black,caro_kann,,OCP::00_Openings_Defences::black OCP::00_Openings_Defences::Caro_Kann OCP::00_Openings_Defences::mainline OCP::00_Openings_Defences::solid
opening_00445 Caro-Kann Defense,rnbqkbnr/pp2pppp/2p5/3p4/3PP3/8/PPP2PPP/RNBQKBNR w KQkq - 0 3,Nc3,,,solid mainline black,caro_kann,,OCP::00_Openings_Defences::black OCP::00_Openings_Defences::Caro_Kann OCP::00_Openings_Defences::mainline OCP::00_Openings_Defences::solid
opening_00446 Caro-Kann Defense,rnbqkbnr/pp2pppp/2p5/3p4/3PP3/2N5/PPP2PPP/R1BQKBNR b KQkq - 1 3,dxe4,,,solid mainline black,caro_kann,,OCP::00_Openings_Defences::black OCP::00_Openings_Defences::Caro_Kann OCP::00_Openings_Defences::mainline OCP::00_Openings_Defences::solid
opening_00447 Caro-Kann Defense,rnbqkbnr/pp2pppp/2p5/8/3Pp3/2N5/PPP2PPP/R1BQKBNR w KQkq - 0 4,Nxe4,,,solid mainline black,caro_kann,,OCP::00_Openings_Defences::black OCP::00_Openings_Defences::Caro_Kann OCP::00_Openings_Defences::mainline OCP::00_Openings_Defences::solid
opening_00448 Caro-Kann Defense,rnbqkbnr/pp2pppp/2p5/8/3PN3/8/PPP2PPP/R1BQKBNR b KQkq - 0 4,Nd7,,,solid mainline black,caro_kann,,OCP::00_Openings_Defences::black OCP::00_Openings_Defences::Caro_Kann OCP::00_Openings_Defences::mainline OCP::00_Openings_Defences::solid
opening_00449 Caro-Kann Classical,rnbqkbnr/pppppppp/8/8/8/8/PPPPPPPP/RNBQKBNR w KQkq - 0 1,e4,,,development mainline black,caro_kann,,OCP::00_Openings_Defences::black OCP::00_Openings_Defences::Caro_Kann OCP::00_Openings_Defences::development OCP::00_Openings_Defences::mainline
opening_00450 Caro-Kann Classical,rnbqkbnr/pppppppp/8/8/4P3/8/PPPP1PPP/RNBQKBNR b KQkq - 0 1,c6,,,development mainline black,caro_kann,,OCP::00_Openings_Defences::black OCP::00_Openings_Defences::Caro_Kann OCP::00_Openings_Defences::development OCP::00_Openings_Defences::mainline
opening_00451 Caro-Kann Classical,rnbqkbnr/pp1ppppp/2p5/8/4P3/8/PPPP1PPP/RNBQKBNR w KQkq - 0 2,d4,,,development mainline black,caro_kann,,OCP::00_Openings_Defences::black OCP::00_Openings_Defences::Caro_Kann OCP::00_Openings_Defences::development OCP::00_Openings_Defences::mainline
opening_00452 Caro-Kann Classical,rnbqkbnr/pp1ppppp/2p5/8/3PP3/8/PPP2PPP/RNBQKBNR b KQkq - 0 2,d5,,,development mainline black,caro_kann,,OCP::00_Openings_Defences::black OCP::00_Openings_Defences::Caro_Kann OCP::00_Openings_Defences::development OCP::00_Openings_Defences::mainline
opening_00453 Caro-Kann Classical,rnbqkbnr/pp2pppp/2p5/3p4/3PP3/8/PPP2PPP/RNBQKBNR w KQkq - 0 3,Nc3,,,development mainline black,caro_kann,,OCP::00_Openings_Defences::black OCP::00_Openings_Defences::Caro_Kann OCP::00_Openings_Defences::development OCP::00_Openings_Defences::mainline
opening_00454 Caro-Kann Classical,rnbqkbnr/pp2pppp/2p5/3p4/3PP3/2N5/PPP2PPP/R1BQKBNR b KQkq - 1 3,dxe4,,,development mainline black,caro_kann,,OCP::00_Openings_Defences::black OCP::00_Openings_Defences::Caro_Kann OCP::00_Openings_Defences::development OCP::00_Openings_Defences::mainline
opening_00455 Caro-Kann Classical,rnbqkbnr/pp2pppp/2p5/8/3Pp3/2N5/PPP2PPP/R1BQKBNR w KQkq - 0 4,Nxe4,,,development mainline black,caro_kann,,OCP::00_Openings_Defences::black OCP::00_Openings_Defences::Caro_Kann OCP::00_Openings_Defences::development OCP::00_Openings_Defences::mainline
opening_00456 Caro-Kann Classical,rnbqkbnr/pp2pppp/2p5/8/3PN3/8/PPP2PPP/R1BQKBNR b KQkq - 0 4,Nf6,,,development mainline black,caro_kann,,OCP::00_Openings_Defences::black OCP::00_Openings_Defences::Caro_Kann OCP::00_Openings_Defences::development OCP::00_Openings_Defences::mainline
opening_00457 Caro-Kann Classical,rnbqkb1r/pp2pppp/2p2n2/8/3PN3/8/PPP2PPP/R1BQKBNR w KQkq - 1 5,Nxf6+,,,development mainline black,caro_kann,,OCP::00_Openings_Defences::black OCP::00_Openings_Defences::Caro_Kann OCP::00_Openings_Defences::development OCP::00_Openings_Defences::mainline
opening_00458 Caro-Kann Classical,rnbqkb1r/pp2pppp/2p2N2/8/3P4/8/PPP2PPP/R1BQKBNR b KQkq - 0 5,exf6,,,development mainline black,caro_kann,,OCP::00_Openings_Defences::black OCP::00_Openings_Defences::Caro_Kann OCP::00_Openings_Defences::development OCP::00_Openings_Defences::mainline
opening_00459 Caro-Kann Main Line,rnbqkbnr/pppppppp/8/8/8/8/PPPPPPPP/RNBQKBNR w KQkq - 0 1,e4,,,bishop mainline black,caro_kann,,OCP::00_Openings_Defences::bishop OCP::00_Openings_Defences::black OCP::00_Openings_Defences::Caro_Kann OCP::00_Openings_Defences::mainline
opening_00460 Caro-Kann Main Line,rnbqkbnr/pppppppp/8/8/4P3/8/PPPP1PPP/RNBQKBNR b KQkq - 0 1,c6,,,bishop mainline black,caro_kann,,OCP::00_Openings_Defences::bishop OCP::00_Openings_Defences::black OCP::00_Openings_Defences::Caro_Kann OCP::00_Openings_Defences::mainline
opening_00461 Caro-Kann Main Line,rnbqkbnr/pp1ppppp/2p5/8/4P3/8/PPPP1PPP/RNBQKBNR w KQkq - 0 2,d4,,,bishop mainline black,caro_kann,,OCP::00_Openings_Defences::bishop OCP::00_Openings_Defences::black OCP::00_Openings_Defences::Caro_Kann OCP::00_Openings_Defences::mainline
opening_00462 Caro-Kann Main Line,rnbqkbnr/pp1ppppp/2p5/8/3PP3/8/PPP2PPP/RNBQKBNR b KQkq - 0 2,d5,,,bishop mainline black,caro_kann,,OCP::00_Openings_Defences::bishop OCP::00_Openings_Defences::black OCP::00_Openings_Defences::Caro_Kann OCP::00_Openings_Defences::mainline
opening_00463 Caro-Kann Main Line,rnbqkbnr/pp2pppp/2p5/3p4/3PP3/8/PPP2PPP/RNBQKBNR w KQkq - 0 3,Nc3,,,bishop mainline black,caro_kann,,OCP::00_Openings_Defences::bishop OCP::00_Openings_Defences::black OCP::00_Openings_Defences::Caro_Kann OCP::00_Openings_Defences::mainline
opening_00464 Caro-Kann Main Line,rnbqkbnr/pp2pppp/2p5/3p4/3PP3/2N5/PPP2PPP/R1BQKBNR b KQkq - 1 3,dxe4,,,bishop mainline black,caro_kann,,OCP::00_Openings_Defences::bishop OCP::00_Openings_Defences::black OCP::00_Openings_Defences::Caro_Kann OCP::00_Openings_Defences::mainline
opening_00465 Caro-Kann Main Line,rnbqkbnr/pp2pppp/2p5/8/3Pp3/2N5/PPP2PPP/R1BQKBNR w KQkq - 0 4,Nxe4,,,bishop mainline black,caro_kann,,OCP::00_Openings_Defences::bishop OCP::00_Openings_Defences::black OCP::00_Openings_Defences::Caro_Kann OCP::00_Openings_Defences::mainline
opening_00466 Caro-Kann Main Line,rnbqkbnr/pp2pppp/2p5/8/3PN3/8/PPP2PPP/R1BQKBNR b KQkq - 0 4,Bf5,,,bishop mainline black,caro_kann,,OCP::00_Openings_Defences::bishop OCP::00_Openings_Defences::black OCP::00_Openings_Defences::Caro_Kann OCP::00_Openings_Defences::mainline
opening_00467 Caro-Kann Main Line,rn1qkbnr/pp2pppp/2p5/5b2/3PN3/8/PPP2PPP/R1BQKBNR w KQkq - 1 5,Ng3,,,bishop mainline black,caro_kann,,OCP::00_Openings_Defences::bishop OCP::00_Openings_Defences::black OCP::00_Openings_Defences::Caro_Kann OCP::00_Openings_Defences::mainline
opening_00468 Caro-Kann Main Line,rn1qkbnr/pp2pppp/2p5/5b2/3P4/6N1/PPP2PPP/R1BQKBNR b KQkq - 2 5,Bg6,,,bishop mainline black,caro_kann,,OCP::00_Openings_Defences::bishop OCP::00_Openings_Defences::black OCP::00_Openings_Defences::Caro_Kann OCP::00_Openings_Defences::mainline
opening_00469 Caro-Kann Advance,rnbqkbnr/pppppppp/8/8/8/8/PPPPPPPP/RNBQKBNR w KQkq - 0 1,e4,,,space defense black,caro_kann,,OCP::00_Openings_Defences::black OCP::00_Openings_Defences::Caro_Kann OCP::00_Openings_Defences::defense OCP::00_Openings_Defences::space
opening_00470 Caro-Kann Advance,rnbqkbnr/pppppppp/8/8/4P3/8/PPPP1PPP/RNBQKBNR b KQkq - 0 1,c6,,,space defense black,caro_kann,,OCP::00_Openings_Defences::black OCP::00_Openings_Defences::Caro_Kann OCP::00_Openings_Defences::defense OCP::00_Openings_Defences::space
opening_00471 Caro-Kann Advance,rnbqkbnr/pp1ppppp/2p5/8/4P3/8/PPPP1PPP/RNBQKBNR w KQkq - 0 2,d4,,,space defense black,caro_kann,,OCP::00_Openings_Defences::black OCP::00_Openings_Defences::Caro_Kann OCP::00_Openings_Defences::defense OCP::00_Openings_Defences::space
opening_00472 Caro-Kann Advance,rnbqkbnr/pp1ppppp/2p5/8/3PP3/8/PPP2PPP/RNBQKBNR b KQkq - 0 2,d5,,,space defense black,caro_kann,,OCP::00_Openings_Defences::black OCP::00_Openings_Defences::Caro_Kann OCP::00_Openings_Defences::defense OCP::00_Openings_Defences::space
opening_00473 Caro-Kann Advance,rnbqkbnr/pp2pppp/2p5/3p4/3PP3/8/PPP2PPP/RNBQKBNR w KQkq - 0 3,e5,,,space defense black,caro_kann,,OCP::00_Openings_Defences::black OCP::00_Openings_Defences::Caro_Kann OCP::00_Openings_Defences::defense OCP::00_Openings_Defences::space
opening_00474 Caro-Kann Advance,rnbqkbnr/pp2pppp/2p5/3pP3/3P4/8/PPP2PPP/RNBQKBNR b KQkq - 0 3,Bf5,,,space defense black,caro_kann,,OCP::00_Openings_Defences::black OCP::00_Openings_Defences::Caro_Kann OCP::00_Openings_Defences::defense OCP::00_Openings_Defences::space
opening_00475 Caro-Kann Advance,rn1qkbnr/pp2pppp/2p5/3pPb2/3P4/8/PPP2PPP/RNBQKBNR w KQkq - 1 4,Nf3,,,space defense black,caro_kann,,OCP::00_Openings_Defences::black OCP::00_Openings_Defences::Caro_Kann OCP::00_Openings_Defences::defense OCP::00_Openings_Defences::space
opening_00476 Caro-Kann Advance,rn1qkbnr/pp2pppp/2p5/3pPb2/3P4/5N2/PPP2PPP/RNBQKB1R b KQkq - 2 4,e6,,,space defense black,caro_kann,,OCP::00_Openings_Defences::black OCP::00_Openings_Defences::Caro_Kann OCP::00_Openings_Defences::defense OCP::00_Openings_Defences::space
opening_00477 Caro-Kann Advance,rn1qkbnr/pp3ppp/2p1p3/3pPb2/3P4/5N2/PPP2PPP/RNBQKB1R w KQkq - 0 5,Be2,,,space defense black,caro_kann,,OCP::00_Openings_Defences::black OCP::00_Openings_Defences::Caro_Kann OCP::00_Openings_Defences::defense OCP::00_Openings_Defences::space
opening_00478 Caro-Kann Exchange,rnbqkbnr/pppppppp/8/8/8/8/PPPPPPPP/RNBQKBNR w KQkq - 0 1,e4,,,symmetrical structure black,caro_kann,,OCP::00_Openings_Defences::black OCP::00_Openings_Defences::Caro_Kann OCP::00_Openings_Defences::structure OCP::00_Openings_Defences::symmetrical
opening_00479 Caro-Kann Exchange,rnbqkbnr/pppppppp/8/8/4P3/8/PPPP1PPP/RNBQKBNR b KQkq - 0 1,c6,,,symmetrical structure black,caro_kann,,OCP::00_Openings_Defences::black OCP::00_Openings_Defences::Caro_Kann OCP::00_Openings_Defences::structure OCP::00_Openings_Defences::symmetrical
opening_00480 Caro-Kann Exchange,rnbqkbnr/pp1ppppp/2p5/8/4P3/8/PPPP1PPP/RNBQKBNR w KQkq - 0 2,d4,,,symmetrical structure black,caro_kann,,OCP::00_Openings_Defences::black OCP::00_Openings_Defences::Caro_Kann OCP::00_Openings_Defences::structure OCP::00_Openings_Defences::symmetrical
opening_00481 Caro-Kann Exchange,rnbqkbnr/pp1ppppp/2p5/8/3PP3/8/PPP2PPP/RNBQKBNR b KQkq - 0 2,d5,,,symmetrical structure black,caro_kann,,OCP::00_Openings_Defences::black OCP::00_Openings_Defences::Caro_Kann OCP::00_Openings_Defences::structure OCP::00_Openings_Defences::symmetrical
opening_00482 Caro-Kann Exchange,rnbqkbnr/pp2pppp/2p5/3p4/3PP3/8/PPP2PPP/RNBQKBNR w KQkq - 0 3,exd5,,,symmetrical structure black,caro_kann,,OCP::00_Openings_Defences::black OCP::00_Openings_Defences::Caro_Kann OCP::00_Openings_Defences::structure OCP::00_Openings_Defences::symmetrical
opening_00483 Caro-Kann Exchange,rnbqkbnr/pp2pppp/2p5/3P4/3P4/8/PPP2PPP/RNBQKBNR b KQkq - 0 3,cxd5,,,symmetrical structure black,caro_kann,,OCP::00_Openings_Defences::black OCP::00_Openings_Defences::Caro_Kann OCP::00_Openings_Defences::structure OCP::00_Openings_Defences::symmetrical
opening_00484 Caro-Kann Exchange,rnbqkbnr/pp2pppp/8/3p4/3P4/8/PPP2PPP/RNBQKBNR w KQkq - 0 4,Bd3,,,symmetrical structure black,caro_kann,,OCP::00_Openings_Defences::black OCP::00_Openings_Defences::Caro_Kann OCP::00_Openings_Defences::structure OCP::00_Openings_Defences::symmetrical
opening_00485 Caro-Kann Exchange,rnbqkbnr/pp2pppp/8/3p4/3P4/3B4/PPP2PPP/RNBQK1NR b KQkq - 1 4,Nc6,,,symmetrical structure black,caro_kann,,OCP::00_Openings_Defences::black OCP::00_Openings_Defences::Caro_Kann OCP::00_Openings_Defences::structure OCP::00_Openings_Defences::symmetrical
opening_00486 Caro-Kann Exchange,r1bqkbnr/pp2pppp/2n5/3p4/3P4/3B4/PPP2PPP/RNBQK1NR w KQkq - 2 5,c3,,,symmetrical structure black,caro_kann,,OCP::00_Openings_Defences::black OCP::00_Openings_Defences::Caro_Kann OCP::00_Openings_Defences::structure OCP::00_Openings_Defences::symmetrical
opening_00487 Caro-Kann Panov,rnbqkbnr/pppppppp/8/8/8/8/PPPPPPPP/RNBQKBNR w KQkq - 0 1,e4,,,central attack black,caro_kann,,OCP::00_Openings_Defences::attack OCP::00_Openings_Defences::black OCP::00_Openings_Defences::Caro_Kann OCP::00_Openings_Defences::central
opening_00488 Caro-Kann Panov,rnbqkbnr/pppppppp/8/8/4P3/8/PPPP1PPP/RNBQKBNR b KQkq - 0 1,c6,,,central attack black,caro_kann,,OCP::00_Openings_Defences::attack OCP::00_Openings_Defences::black OCP::00_Openings_Defences::Caro_Kann OCP::00_Openings_Defences::central
opening_00489 Caro-Kann Panov,rnbqkbnr/pp1ppppp/2p5/8/4P3/8/PPPP1PPP/RNBQKBNR w KQkq - 0 2,d4,,,central attack black,caro_kann,,OCP::00_Openings_Defences::attack OCP::00_Openings_Defences::black OCP::00_Openings_Defences::Caro_Kann OCP::00_Openings_Defences::central
opening_00490 Caro-Kann Panov,rnbqkbnr/pp1ppppp/2p5/8/3PP3/8/PPP2PPP/RNBQKBNR b KQkq - 0 2,d5,,,central attack black,caro_kann,,OCP::00_Openings_Defences::attack OCP::00_Openings_Defences::black OCP::00_Openings_Defences::Caro_Kann OCP::00_Openings_Defences::central
opening_00491 Caro-Kann Panov,rnbqkbnr/pp2pppp/2p5/3p4/3PP3/8/PPP2PPP/RNBQKBNR w KQkq - 0 3,exd5,,,central attack black,caro_kann,,OCP::00_Openings_Defences::attack OCP::00_Openings_Defences::black OCP::00_Openings_Defences::Caro_Kann OCP::00_Openings_Defences::central
opening_00492 Caro-Kann Panov,rnbqkbnr/pp2pppp/2p5/3P4/3P4/8/PPP2PPP/RNBQKBNR b KQkq - 0 3,cxd5,,,central attack black,caro_kann,,OCP::00_Openings_Defences::attack OCP::00_Openings_Defences::black OCP::00_Openings_Defences::Caro_Kann OCP::00_Openings_Defences::central
opening_00493 Caro-Kann Panov,rnbqkbnr/pp2pppp/8/3p4/3P4/8/PPP2PPP/RNBQKBNR w KQkq - 0 4,c4,,,central attack black,caro_kann,,OCP::00_Openings_Defences::attack OCP::00_Openings_Defences::black OCP::00_Openings_Defences::Caro_Kann OCP::00_Openings_Defences::central
opening_00494 Caro-Kann Panov,rnbqkbnr/pp2pppp/8/3p4/2PP4/8/PP3PPP/RNBQKBNR b KQkq - 0 4,Nf6,,,central attack black,caro_kann,,OCP::00_Openings_Defences::attack OCP::00_Openings_Defences::black OCP::00_Openings_Defences::Caro_Kann OCP::00_Openings_Defences::central
opening_00495 Caro-Kann Panov,rnbqkb1r/pp2pppp/5n2/3p4/2PP4/8/PP3PPP/RNBQKBNR w KQkq - 1 5,Nc3,,,central attack black,caro_kann,,OCP::00_Openings_Defences::attack OCP::00_Openings_Defences::black OCP::00_Openings_Defences::Caro_Kann OCP::00_Openings_Defences::central
opening_00496 Caro-Kann Panov,rnbqkb1r/pp2pppp/5n2/3p4/2PP4/2N5/PP3PPP/R1BQKBNR b KQkq - 2 5,e6,,,central attack black,caro_kann,,OCP::00_Openings_Defences::attack OCP::00_Openings_Defences::black OCP::00_Openings_Defences::Caro_Kann OCP::00_Openings_Defences::central
opening_00497 Scandinavian Defense,rnbqkbnr/pppppppp/8/8/8/8/PPPPPPPP/RNBQKBNR w KQkq - 0 1,e4,,,immediate mainline black,scandinavian_defence,,OCP::00_Openings_Defences::black OCP::00_Openings_Defences::immediate OCP::00_Openings_Defences::mainline OCP::00_Openings_Defences::scandinavian_defence
opening_00498 Scandinavian Defense,rnbqkbnr/pppppppp/8/8/4P3/8/PPPP1PPP/RNBQKBNR b KQkq - 0 1,d5,,,immediate mainline black,scandinavian_defence,,OCP::00_Openings_Defences::black OCP::00_Openings_Defences::immediate OCP::00_Openings_Defences::mainline OCP::00_Openings_Defences::scandinavian_defence
opening_00499 Scandinavian Defense,rnbqkbnr/ppp1pppp/8/3p4/4P3/8/PPPP1PPP/RNBQKBNR w KQkq - 0 2,exd5,,,immediate mainline black,scandinavian_defence,,OCP::00_Openings_Defences::black OCP::00_Openings_Defences::immediate OCP::00_Openings_Defences::mainline OCP::00_Openings_Defences::scandinavian_defence
opening_00500 Scandinavian Defense,rnbqkbnr/ppp1pppp/8/3P4/8/8/PPPP1PPP/RNBQKBNR b KQkq - 0 2,Qxd5,,,immediate mainline black,scandinavian_defence,,OCP::00_Openings_Defences::black OCP::00_Openings_Defences::immediate OCP::00_Openings_Defences::mainline OCP::00_Openings_Defences::scandinavian_defence
opening_00501 Scandinavian Defense,rnb1kbnr/ppp1pppp/8/3q4/8/8/PPPP1PPP/RNBQKBNR w KQkq - 0 3,Nc3,,,immediate mainline black,scandinavian_defence,,OCP::00_Openings_Defences::black OCP::00_Openings_Defences::immediate OCP::00_Openings_Defences::mainline OCP::00_Openings_Defences::scandinavian_defence
opening_00502 Scandinavian Defense,rnb1kbnr/ppp1pppp/8/3q4/8/2N5/PPPP1PPP/R1BQKBNR b KQkq - 1 3,Qa5,,,immediate mainline black,scandinavian_defence,,OCP::00_Openings_Defences::black OCP::00_Openings_Defences::immediate OCP::00_Openings_Defences::mainline OCP::00_Openings_Defences::scandinavian_defence
opening_00503 Scandinavian Defense,rnb1kbnr/ppp1pppp/8/q7/8/2N5/PPPP1PPP/R1BQKBNR w KQkq - 2 4,d4,,,immediate mainline black,scandinavian_defence,,OCP::00_Openings_Defences::black OCP::00_Openings_Defences::immediate OCP::00_Openings_Defences::mainline OCP::00_Openings_Defences::scandinavian_defence
opening_00504 Scandinavian Defense,rnb1kbnr/ppp1pppp/8/q7/3P4/2N5/PPP2PPP/R1BQKBNR b KQkq - 0 4,Nf6,,,immediate mainline black,scandinavian_defence,,OCP::00_Openings_Defences::black OCP::00_Openings_Defences::immediate OCP::00_Openings_Defences::mainline OCP::00_Openings_Defences::scandinavian_defence
opening_00505 Scandinavian Modern,rnbqkbnr/pppppppp/8/8/8/8/PPPPPPPP/RNBQKBNR w KQkq - 0 1,e4,,,knight mainline black,scandinavian_defence,,OCP::00_Openings_Defences::black OCP::00_Openings_Defences::knight OCP::00_Openings_Defences::mainline OCP::00_Openings_Defences::scandinavian_defence
opening_00506 Scandinavian Modern,rnbqkbnr/pppppppp/8/8/4P3/8/PPPP1PPP/RNBQKBNR b KQkq - 0 1,d5,,,knight mainline black,scandinavian_defence,,OCP::00_Openings_Defences::black OCP::00_Openings_Defences::knight OCP::00_Openings_Defences::mainline OCP::00_Openings_Defences::scandinavian_defence
opening_00507 Scandinavian Modern,rnbqkbnr/ppp1pppp/8/3p4/4P3/8/PPPP1PPP/RNBQKBNR w KQkq - 0 2,exd5,,,knight mainline black,scandinavian_defence,,OCP::00_Openings_Defences::black OCP::00_Openings_Defences::knight OCP::00_Openings_Defences::mainline OCP::00_Openings_Defences::scandinavian_defence
opening_00508 Scandinavian Modern,rnbqkbnr/ppp1pppp/8/3P4/8/8/PPPP1PPP/RNBQKBNR b KQkq - 0 2,Nf6,,,knight mainline black,scandinavian_defence,,OCP::00_Openings_Defences::black OCP::00_Openings_Defences::knight OCP::00_Openings_Defences::mainline OCP::00_Openings_Defences::scandinavian_defence
opening_00509 Scandinavian Modern,rnbqkb1r/ppp1pppp/5n2/3P4/8/8/PPPP1PPP/RNBQKBNR w KQkq - 1 3,d4,,,knight mainline black,scandinavian_defence,,OCP::00_Openings_Defences::black OCP::00_Openings_Defences::knight OCP::00_Openings_Defences::mainline OCP::00_Openings_Defences::scandinavian_defence
opening_00510 Scandinavian Modern,rnbqkb1r/ppp1pppp/5n2/3P4/3P4/8/PPP2PPP/RNBQKBNR b KQkq - 0 3,Nxd5,,,knight mainline black,scandinavian_defence,,OCP::00_Openings_Defences::black OCP::00_Openings_Defences::knight OCP::00_Openings_Defences::mainline OCP::00_Openings_Defences::scandinavian_defence
opening_00511 Scandinavian Modern,rnbqkb1r/ppp1pppp/8/3n4/3P4/8/PPP2PPP/RNBQKBNR w KQkq - 0 4,Nf3,,,knight mainline black,scandinavian_defence,,OCP::00_Openings_Defences::black OCP::00_Openings_Defences::knight OCP::00_Openings_Defences::mainline OCP::00_Openings_Defences::scandinavian_defence
opening_00512 Scandinavian Modern,rnbqkb1r/ppp1pppp/8/3n4/3P4/5N2/PPP2PPP/RNBQKB1R b KQkq - 1 4,g6,,,knight mainline black,scandinavian_defence,,OCP::00_Openings_Defences::black OCP::00_Openings_Defences::knight OCP::00_Openings_Defences::mainline OCP::00_Openings_Defences::scandinavian_defence
opening_00513 Scandinavian Modern,rnbqkb1r/ppp1pp1p/6p1/3n4/3P4/5N2/PPP2PPP/RNBQKB1R w KQkq - 0 5,Be2,,,knight mainline black,scandinavian_defence,,OCP::00_Openings_Defences::black OCP::00_Openings_Defences::knight OCP::00_Openings_Defences::mainline OCP::00_Openings_Defences::scandinavian_defence
opening_00514 Scandinavian Queen,rnbqkbnr/pppppppp/8/8/8/8/PPPPPPPP/RNBQKBNR w KQkq - 0 1,e4,,,queen mainline black,scandinavian_defence,,OCP::00_Openings_Defences::black OCP::00_Openings_Defences::mainline OCP::00_Openings_Defences::queen OCP::00_Openings_Defences::scandinavian_defence
opening_00515 Scandinavian Queen,rnbqkbnr/pppppppp/8/8/4P3/8/PPPP1PPP/RNBQKBNR b KQkq - 0 1,d5,,,queen mainline black,scandinavian_defence,,OCP::00_Openings_Defences::black OCP::00_Openings_Defences::mainline OCP::00_Openings_Defences::queen OCP::00_Openings_Defences::scandinavian_defence
opening_00516 Scandinavian Queen,rnbqkbnr/ppp1pppp/8/3p4/4P3/8/PPPP1PPP/RNBQKBNR w KQkq - 0 2,exd5,,,queen mainline black,scandinavian_defence,,OCP::00_Openings_Defences::black OCP::00_Openings_Defences::mainline OCP::00_Openings_Defences::queen OCP::00_Openings_Defences::scandinavian_defence
opening_00517 Scandinavian Queen,rnbqkbnr/ppp1pppp/8/3P4/8/8/PPPP1PPP/RNBQKBNR b KQkq - 0 2,Qxd5,,,queen mainline black,scandinavian_defence,,OCP::00_Openings_Defences::black OCP::00_Openings_Defences::mainline OCP::00_Openings_Defences::queen OCP::00_Openings_Defences::scandinavian_defence
opening_00518 Scandinavian Queen,rnb1kbnr/ppp1pppp/8/3q4/8/8/PPPP1PPP/RNBQKBNR w KQkq - 0 3,Nc3,,,queen mainline black,scandinavian_defence,,OCP::00_Openings_Defences::black OCP::00_Openings_Defences::mainline OCP::00_Openings_Defences::queen OCP::00_Openings_Defences::scandinavian_defence
opening_00519 Scandinavian Queen,rnb1kbnr/ppp1pppp/8/3q4/8/2N5/PPPP1PPP/R1BQKBNR b KQkq - 1 3,Qa5,,,queen mainline black,scandinavian_defence,,OCP::00_Openings_Defences::black OCP::00_Openings_Defences::mainline OCP::00_Openings_Defences::queen OCP::00_Openings_Defences::scandinavian_defence
opening_00520 Scandinavian Queen,rnb1kbnr/ppp1pppp/8/q7/8/2N5/PPPP1PPP/R1BQKBNR w KQkq - 2 4,d4,,,queen mainline black,scandinavian_defence,,OCP::00_Openings_Defences::black OCP::00_Openings_Defences::mainline OCP::00_Openings_Defences::queen OCP::00_Openings_Defences::scandinavian_defence
opening_00521 Scandinavian Queen,rnb1kbnr/ppp1pppp/8/q7/3P4/2N5/PPP2PPP/R1BQKBNR b KQkq - 0 4,Nf6,,,queen mainline black,scandinavian_defence,,OCP::00_Openings_Defences::black OCP::00_Openings_Defences::mainline OCP::00_Openings_Defences::queen OCP::00_Openings_Defences::scandinavian_defence
opening_00522 Scandinavian Queen,rnb1kb1r/ppp1pppp/5n2/q7/3P4/2N5/PPP2PPP/R1BQKBNR w KQkq - 1 5,Nf3,,,queen mainline black,scandinavian_defence,,OCP::00_Openings_Defences::black OCP::00_Openings_Defences::mainline OCP::00_Openings_Defences::queen OCP::00_Openings_Defences::scandinavian_defence
opening_00523 King&#x27;s Indian Defense,rnbqkbnr/pppppppp/8/8/8/8/PPPPPPPP/RNBQKBNR w KQkq - 0 1,d4,,,hypermodern mainline black,indian_defence,,OCP::00_Openings_Defences::black OCP::00_Openings_Defences::hypermodern OCP::00_Openings_Defences::indian_defence OCP::00_Openings_Defences::mainline
opening_00524 King&#x27;s Indian Defense,rnbqkbnr/pppppppp/8/8/3P4/8/PPP1PPPP/RNBQKBNR b KQkq - 0 1,Nf6,,,hypermodern mainline black,indian_defence,,OCP::00_Openings_Defences::black OCP::00_Openings_Defences::hypermodern OCP::00_Openings_Defences::indian_defence OCP::00_Openings_Defences::mainline
opening_00525 King&#x27;s Indian Defense,rnbqkb1r/pppppppp/5n2/8/3P4/8/PPP1PPPP/RNBQKBNR w KQkq - 1 2,c4,,,hypermodern mainline black,indian_defence,,OCP::00_Openings_Defences::black OCP::00_Openings_Defences::hypermodern OCP::00_Openings_Defences::indian_defence OCP::00_Openings_Defences::mainline
opening_00526 King&#x27;s Indian Defense,rnbqkb1r/pppppppp/5n2/8/2PP4/8/PP2PPPP/RNBQKBNR b KQkq - 0 2,g6,,,hypermodern mainline black,indian_defence,,OCP::00_Openings_Defences::black OCP::00_Openings_Defences::hypermodern OCP::00_Openings_Defences::indian_defence OCP::00_Openings_Defences::mainline
opening_00527 King&#x27;s Indian Defense,rnbqkb1r/pppppp1p/5np1/8/2PP4/8/PP2PPPP/RNBQKBNR w KQkq - 0 3,Nc3,,,hypermodern mainline black,indian_defence,,OCP::00_Openings_Defences::black OCP::00_Openings_Defences::hypermodern OCP::00_Openings_Defences::indian_defence OCP::00_Openings_Defences::mainline
opening_00528 King&#x27;s Indian Defense,rnbqkb1r/pppppp1p/5np1/8/2PP4/2N5/PP2PPPP/R1BQKBNR b KQkq - 1 3,Bg7,,,hypermodern mainline black,indian_defence,,OCP::00_Openings_Defences::black OCP::00_Openings_Defences::hypermodern OCP::00_Openings_Defences::indian_defence OCP::00_Openings_Defences::mainline
opening_00529 King&#x27;s Indian Defense,rnbqk2r/ppppppbp/5np1/8/2PP4/2N5/PP2PPPP/R1BQKBNR w KQkq - 2 4,e4,,,hypermodern mainline black,indian_defence,,OCP::00_Openings_Defences::black OCP::00_Openings_Defences::hypermodern OCP::00_Openings_Defences::indian_defence OCP::00_Openings_Defences::mainline
opening_00530 King&#x27;s Indian Defense,rnbqk2r/ppppppbp/5np1/8/2PPP3/2N5/PP3PPP/R1BQKBNR b KQkq - 0 4,d6,,,hypermodern mainline black,indian_defence,,OCP::00_Openings_Defences::black OCP::00_Openings_Defences::hypermodern OCP::00_Openings_Defences::indian_defence OCP::00_Openings_Defences::mainline
opening_00531 King&#x27;s Indian Defense,rnbqk2r/ppp1ppbp/3p1np1/8/2PPP3/2N5/PP3PPP/R1BQKBNR w KQkq - 0 5,Nf3,,,hypermodern mainline black,indian_defence,,OCP::00_Openings_Defences::black OCP::00_Openings_Defences::hypermodern OCP::00_Openings_Defences::indian_defence OCP::00_Openings_Defences::mainline
opening_00532 King&#x27;s Indian Defense,rnbqk2r/ppp1ppbp/3p1np1/8/2PPP3/2N2N2/PP3PPP/R1BQKB1R b KQkq - 1 5,O-O,,,hypermodern mainline black,indian_defence,,OCP::00_Openings_Defences::black OCP::00_Openings_Defences::hypermodern OCP::00_Openings_Defences::indian_defence OCP::00_Openings_Defences::mainline
opening_00533 Queen&#x27;s Indian Defense,rnbqkbnr/pppppppp/8/8/8/8/PPPPPPPP/RNBQKBNR w KQkq - 0 1,d4,,,fianchetto mainline black,indian_defence,,OCP::00_Openings_Defences::black OCP::00_Openings_Defences::fianchetto OCP::00_Openings_Defences::indian_defence OCP::00_Openings_Defences::mainline
opening_00534 Queen&#x27;s Indian Defense,rnbqkbnr/pppppppp/8/8/3P4/8/PPP1PPPP/RNBQKBNR b KQkq - 0 1,Nf6,,,fianchetto mainline black,indian_defence,,OCP::00_Openings_Defences::black OCP::00_Openings_Defences::fianchetto OCP::00_Openings_Defences::indian_defence OCP::00_Openings_Defences::mainline
opening_00535 Queen&#x27;s Indian Defense,rnbqkb1r/pppppppp/5n2/8/3P4/8/PPP1PPPP/RNBQKBNR w KQkq - 1 2,c4,,,fianchetto mainline black,indian_defence,,OCP::00_Openings_Defences::black OCP::00_Openings_Defences::fianchetto OCP::00_Openings_Defences::indian_defence OCP::00_Openings_Defences::mainline
opening_00536 Queen&#x27;s Indian Defense,rnbqkb1r/pppppppp/5n2/8/2PP4/8/PP2PPPP/RNBQKBNR b KQkq - 0 2,e6,,,fianchetto mainline black,indian_defence,,OCP::00_Openings_Defences::black OCP::00_Openings_Defences::fianchetto OCP::00_Openings_Defences::indian_defence OCP::00_Openings_Defences::mainline
opening_00537 Queen&#x27;s Indian Defense,rnbqkb1r/pppp1ppp/4pn2/8/2PP4/8/PP2PPPP/RNBQKBNR w KQkq - 0 3,Nf3,,,fianchetto mainline black,indian_defence,,OCP::00_Openings_Defences::black OCP::00_Openings_Defences::fianchetto OCP::00_Openings_Defences::indian_defence OCP::00_Openings_Defences::mainline
opening_00538 Queen&#x27;s Indian Defense,rnbqkb1r/pppp1ppp/4pn2/8/2PP4/5N2/PP2PPPP/RNBQKB1R b KQkq - 1 3,b6,,,fianchetto mainline black,indian_defence,,OCP::00_Openings_Defences::black OCP::00_Openings_Defences::fianchetto OCP::00_Openings_Defences::indian_defence OCP::00_Openings_Defences::mainline
opening_00539 Queen&#x27;s Indian Defense,rnbqkb1r/p1pp1ppp/1p2pn2/8/2PP4/5N2/PP2PPPP/RNBQKB1R w KQkq - 0 4,g3,,,fianchetto mainline black,indian_defence,,OCP::00_Openings_Defences::black OCP::00_Openings_Defences::fianchetto OCP::00_Openings_Defences::indian_defence OCP::00_Openings_Defences::mainline
opening_00540 Queen&#x27;s Indian Defense,rnbqkb1r/p1pp1ppp/1p2pn2/8/2PP4/5NP1/PP2PP1P/RNBQKB1R b KQkq - 0 4,Bb7,,,fianchetto mainline black,indian_defence,,OCP::00_Openings_Defences::black OCP::00_Openings_Defences::fianchetto OCP::00_Openings_Defences::indian_defence OCP::00_Openings_Defences::mainline
opening_00541 Queen&#x27;s Indian Defense,rn1qkb1r/pbpp1ppp/1p2pn2/8/2PP4/5NP1/PP2PP1P/RNBQKB1R w KQkq - 1 5,Bg2,,,fianchetto mainline black,indian_defence,,OCP::00_Openings_Defences::black OCP::00_Openings_Defences::fianchetto OCP::00_Openings_Defences::indian_defence OCP::00_Openings_Defences::mainline
opening_00542 Queen&#x27;s Indian Defense,rn1qkb1r/pbpp1ppp/1p2pn2/8/2PP4/5NP1/PP2PPBP/RNBQK2R b KQkq - 2 5,Be7,,,fianchetto mainline black,indian_defence,,OCP::00_Openings_Defences::black OCP::00_Openings_Defences::fianchetto OCP::00_Openings_Defences::indian_defence OCP::00_Openings_Defences::mainline
opening_00543 Slav Defense,rnbqkbnr/pppppppp/8/8/8/8/PPPPPPPP/RNBQKBNR w KQkq - 0 1,d4,,,solid mainline black,indian_defence,,OCP::00_Openings_Defences::black OCP::00_Openings_Defences::indian_defence OCP::00_Openings_Defences::mainline OCP::00_Openings_Defences::solid
opening_00544 Slav Defense,rnbqkbnr/pppppppp/8/8/3P4/8/PPP1PPPP/RNBQKBNR b KQkq - 0 1,d5,,,solid mainline black,indian_defence,,OCP::00_Openings_Defences::black OCP::00_Openings_Defences::indian_defence OCP::00_Openings_Defences::mainline OCP::00_Openings_Defences::solid
opening_00545 Slav Defense,rnbqkbnr/ppp1pppp/8/3p4/3P4/8/PPP1PPPP/RNBQKBNR w KQkq - 0 2,c4,,,solid mainline black,indian_defence,,OCP::00_Openings_Defences::black OCP::00_Openings_Defences::indian_defence OCP::00_Openings_Defences::mainline OCP::00_Openings_Defences::solid
opening_00546 Slav Defense,rnbqkbnr/ppp1pppp/8/3p4/2PP4/8/PP2PPPP/RNBQKBNR b KQkq - 0 2,c6,,,solid mainline black,indian_defence,,OCP::00_Openings_Defences::black OCP::00_Openings_Defences::indian_defence OCP::00_Openings_Defences::mainline OCP::00_Openings_Defences::solid
opening_00547 Slav Defense,rnbqkbnr/pp2pppp/2p5/3p4/2PP4/8/PP2PPPP/RNBQKBNR w KQkq - 0 3,Nf3,,,solid mainline black,indian_defence,,OCP::00_Openings_Defences::black OCP::00_Openings_Defences::indian_defence OCP::00_Openings_Defences::mainline OCP::00_Openings_Defences::solid
opening_00548 Slav Defense,rnbqkbnr/pp2pppp/2p5/3p4/2PP4/5N2/PP2PPPP/RNBQKB1R b KQkq - 1 3,Nf6,,,solid mainline black,indian_defence,,OCP::00_Openings_Defences::black OCP::00_Openings_Defences::indian_defence OCP::00_Openings_Defences::mainline OCP::00_Openings_Defences::solid
opening_00549 Slav Defense,rnbqkb1r/pp2pppp/2p2n2/3p4/2PP4/5N2/PP2PPPP/RNBQKB1R w KQkq - 2 4,Nc3,,,solid mainline black,indian_defence,,OCP::00_Openings_Defences::black OCP::00_Openings_Defences::indian_defence OCP::00_Openings_Defences::mainline OCP::00_Openings_Defences::solid
opening_00550 Slav Defense,rnbqkb1r/pp2pppp/2p2n2/3p4/2PP4/2N2N2/PP2PPPP/R1BQKB1R b KQkq - 3 4,dxc4,,,solid mainline black,indian_defence,,OCP::00_Openings_Defences::black OCP::00_Openings_Defences::indian_defence OCP::00_Openings_Defences::mainline OCP::00_Openings_Defences::solid
opening_00551 Slav Defense,rnbqkb1r/pp2pppp/2p2n2/8/2pP4/2N2N2/PP2PPPP/R1BQKB1R w KQkq - 0 5,a4,,,solid mainline black,indian_defence,,OCP::00_Openings_Defences::black OCP::00_Openings_Defences::indian_defence OCP::00_Openings_Defences::mainline OCP::00_Openings_Defences::solid
opening_00552 King&#x27;s Indian Fianchetto,rnbqkbnr/pppppppp/8/8/8/8/PPPPPPPP/RNBQKBNR w KQkq - 0 1,d4,,,positional mainline black,indian_defence,,OCP::00_Openings_Defences::black OCP::00_Openings_Defences::indian_defence OCP::00_Openings_Defences::mainline OCP::00_Openings_Defences::positional
opening_00553 King&#x27;s Indian Fianchetto,rnbqkbnr/pppppppp/8/8/3P4/8/PPP1PPPP/RNBQKBNR b KQkq - 0 1,Nf6,,,positional mainline black,indian_defence,,OCP::00_Openings_Defences::black OCP::00_Openings_Defences::indian_defence OCP::00_Openings_Defences::mainline OCP::00_Openings_Defences::positional
opening_00554 King&#x27;s Indian Fianchetto,rnbqkb1r/pppppppp/5n2/8/3P4/8/PPP1PPPP/RNBQKBNR w KQkq - 1 2,c4,,,positional mainline black,indian_defence,,OCP::00_Openings_Defences::black OCP::00_Openings_Defences::indian_defence OCP::00_Openings_Defences::mainline OCP::00_Openings_Defences::positional
opening_00555 King&#x27;s Indian Fianchetto,rnbqkb1r/pppppppp/5n2/8/2PP4/8/PP2PPPP/RNBQKBNR b KQkq - 0 2,g6,,,positional mainline black,indian_defence,,OCP::00_Openings_Defences::black OCP::00_Openings_Defences::indian_defence OCP::00_Openings_Defences::mainline OCP::00_Openings_Defences::positional
opening_00556 King&#x27;s Indian Fianchetto,rnbqkb1r/pppppp1p/5np1/8/2PP4/8/PP2PPPP/RNBQKBNR w KQkq - 0 3,Nf3,,,positional mainline black,indian_defence,,OCP::00_Openings_Defences::black OCP::00_Openings_Defences::indian_defence OCP::00_Openings_Defences::mainline OCP::00_Openings_Defences::positional
opening_00557 King&#x27;s Indian Fianchetto,rnbqkb1r/pppppp1p/5np1/8/2PP4/5N2/PP2PPPP/RNBQKB1R b KQkq - 1 3,Bg7,,,positional mainline black,indian_defence,,OCP::00_Openings_Defences::black OCP::00_Openings_Defences::indian_defence OCP::00_Openings_Defences::mainline OCP::00_Openings_Defences::positional
opening_00558 King&#x27;s Indian Fianchetto,rnbqk2r/ppppppbp/5np1/8/2PP4/5N2/PP2PPPP/RNBQKB1R w KQkq - 2 4,g3,,,positional mainline black,indian_defence,,OCP::00_Openings_Defences::black OCP::00_Openings_Defences::indian_defence OCP::00_Openings_Defences::mainline OCP::00_Openings_Defences::positional
opening_00559 King&#x27;s Indian Fianchetto,rnbqk2r/ppppppbp/5np1/8/2PP4/5NP1/PP2PP1P/RNBQKB1R b KQkq - 0 4,O-O,,,positional mainline black,indian_defence,,OCP::00_Openings_Defences::black OCP::00_Openings_Defences::indian_defence OCP::00_Openings_Defences::mainline OCP::00_Openings_Defences::positional
opening_00560 King&#x27;s Indian Fianchetto,rnbq1rk1/ppppppbp/5np1/8/2PP4/5NP1/PP2PP1P/RNBQKB1R w KQ - 1 5,Bg2,,,positional mainline black,indian_defence,,OCP::00_Openings_Defences::black OCP::00_Openings_Defences::indian_defence OCP::00_Openings_Defences::mainline OCP::00_Openings_Defences::positional
opening_00561 King&#x27;s Indian Fianchetto,rnbq1rk1/ppppppbp/5np1/8/2PP4/5NP1/PP2PPBP/RNBQK2R b KQ - 2 5,d6,,,positional mainline black,indian_defence,,OCP::00_Openings_Defences::black OCP::00_Openings_Defences::indian_defence OCP::00_Openings_Defences::mainline OCP::00_Openings_Defences::positional
opening_00562 King&#x27;s Indian Fianchetto,rnbq1rk1/ppp1ppbp/3p1np1/8/2PP4/5NP1/PP2PPBP/RNBQK2R w KQ - 0 6,O-O,,,positional mainline black,indian_defence,,OCP::00_Openings_Defences::black OCP::00_Openings_Defences::indian_defence OCP::00_Openings_Defences::mainline OCP::00_Openings_Defences::positional
opening_00563 Nimzo-Indian Defense,rnbqkbnr/pppppppp/8/8/8/8/PPPPPPPP/RNBQKBNR w KQkq - 0 1,d4,,,mainline suppressive black,indian_defence,,OCP::00_Openings_Defences::black OCP::00_Openings_Defences::indian_defence OCP::00_Openings_Defences::mainline OCP::00_Openings_Defences::suppressive
opening_00564 Nimzo-Indian Defense,rnbqkbnr/pppppppp/8/8/3P4/8/PPP1PPPP/RNBQKBNR b KQkq - 0 1,Nf6,,,mainline suppressive black,indian_defence,,OCP::00_Openings_Defences::black OCP::00_Openings_Defences::indian_defence OCP::00_Openings_Defences::mainline OCP::00_Openings_Defences::suppressive
opening_00565 Nimzo-Indian Defense,rnbqkb1r/pppppppp/5n2/8/3P4/8/PPP1PPPP/RNBQKBNR w KQkq - 1 2,c4,,,mainline suppressive black,indian_defence,,OCP::00_Openings_Defences::black OCP::00_Openings_Defences::indian_defence OCP::00_Openings_Defences::mainline OCP::00_Openings_Defences::suppressive
opening_00566 Nimzo-Indian Defense,rnbqkb1r/pppppppp/5n2/8/2PP4/8/PP2PPPP/RNBQKBNR b KQkq - 0 2,e6,,,mainline suppressive black,indian_defence,,OCP::00_Openings_Defences::black OCP::00_Openings_Defences::indian_defence OCP::00_Openings_Defences::mainline OCP::00_Openings_Defences::suppressive
opening_00567 Nimzo-Indian Defense,rnbqkb1r/pppp1ppp/4pn2/8/2PP4/8/PP2PPPP/RNBQKBNR w KQkq - 0 3,Nc3,,,mainline suppressive black,indian_defence,,OCP::00_Openings_Defences::black OCP::00_Openings_Defences::indian_defence OCP::00_Openings_Defences::mainline OCP::00_Openings_Defences::suppressive
opening_00568 Nimzo-Indian Defense,rnbqkb1r/pppp1ppp/4pn2/8/2PP4/2N5/PP2PPPP/R1BQKBNR b KQkq - 1 3,Bb4,,,mainline suppressive black,indian_defence,,OCP::00_Openings_Defences::black OCP::00_Openings_Defences::indian_defence OCP::00_Openings_Defences::mainline OCP::00_Openings_Defences::suppressive
opening_00569 Anti-London c5-e5,rnbqkbnr/pppppppp/8/8/8/8/PPPPPPPP/RNBQKBNR w KQkq - 0 1,d4,,,dynamic mainline black,counter,,OCP::00_Openings_Defences::black OCP::00_Openings_Defences::counter OCP::00_Openings_Defences::dynamic OCP::00_Openings_Defences::mainline
opening_00570 Anti-London c5-e5,rnbqkbnr/pppppppp/8/8/3P4/8/PPP1PPPP/RNBQKBNR b KQkq - 0 1,Nf6,,,dynamic mainline black,counter,,OCP::00_Openings_Defences::black OCP::00_Openings_Defences::counter OCP::00_Openings_Defences::dynamic OCP::00_Openings_Defences::mainline
opening_00571 Anti-London c5-e5,rnbqkb1r/pppppppp/5n2/8/3P4/8/PPP1PPPP/RNBQKBNR w KQkq - 1 2,Nf3,,,dynamic mainline black,counter,,OCP::00_Openings_Defences::black OCP::00_Openings_Defences::counter OCP::00_Openings_Defences::dynamic OCP::00_Openings_Defences::mainline
opening_00572 Anti-London c5-e5,rnbqkb1r/pppppppp/5n2/8/3P4/5N2/PPP1PPPP/RNBQKB1R b KQkq - 2 2,c5,,,dynamic mainline black,counter,,OCP::00_Openings_Defences::black OCP::00_Openings_Defences::counter OCP::00_Openings_Defences::dynamic OCP::00_Openings_Defences::mainline
opening_00573 Anti-London c5-e5,rnbqkb1r/pp1ppppp/5n2/2p5/3P4/5N2/PPP1PPPP/RNBQKB1R w KQkq - 0 3,Bf4,,,dynamic mainline black,counter,,OCP::00_Openings_Defences::black OCP::00_Openings_Defences::counter OCP::00_Openings_Defences::dynamic OCP::00_Openings_Defences::mainline
opening_00574 Anti-London c5-e5,rnbqkb1r/pp1ppppp/5n2/2p5/3P1B2/5N2/PPP1PPPP/RN1QKB1R b KQkq - 1 3,cxd4,,,dynamic mainline black,counter,,OCP::00_Openings_Defences::black OCP::00_Openings_Defences::counter OCP::00_Openings_Defences::dynamic OCP::00_Openings_Defences::mainline
opening_00575 Anti-London c5-e5,rnbqkb1r/pp1ppppp/5n2/8/3p1B2/5N2/PPP1PPPP/RN1QKB1R w KQkq - 0 4,Nxd4,,,dynamic mainline black,counter,,OCP::00_Openings_Defences::black OCP::00_Openings_Defences::counter OCP::00_Openings_Defences::dynamic OCP::00_Openings_Defences::mainline
opening_00576 Anti-London c5-e5,rnbqkb1r/pp1ppppp/5n2/8/3N1B2/8/PPP1PPPP/RN1QKB1R b KQkq - 0 4,e5,,,dynamic mainline black,counter,,OCP::00_Openings_Defences::black OCP::00_Openings_Defences::counter OCP::00_Openings_Defences::dynamic OCP::00_Openings_Defences::mainline
opening_00577 Anti-London c5-e5,rnbqkb1r/pp1p1ppp/5n2/4p3/3N1B2/8/PPP1PPPP/RN1QKB1R w KQkq - 0 5,Nf3,,,dynamic mainline black,counter,,OCP::00_Openings_Defences::black OCP::00_Openings_Defences::counter OCP::00_Openings_Defences::dynamic OCP::00_Openings_Defences::mainline
opening_00578 Anti-London c5-e5,rnbqkb1r/pp1p1ppp/5n2/4p3/5B2/5N2/PPP1PPPP/RN1QKB1R b KQkq - 1 5,exf4,,,dynamic mainline black,counter,,OCP::00_Openings_Defences::black OCP::00_Openings_Defences::counter OCP::00_Openings_Defences::dynamic OCP::00_Openings_Defences::mainline
opening_00579 Anti-London d6-Bg4,rnbqkbnr/pppppppp/8/8/8/8/PPPPPPPP/RNBQKBNR w KQkq - 0 1,d4,,,classical mainline black,counter,,OCP::00_Openings_Defences::black OCP::00_Openings_Defences::classical OCP::00_Openings_Defences::counter OCP::00_Openings_Defences::mainline
opening_00580 Anti-London d6-Bg4,rnbqkbnr/pppppppp/8/8/3P4/8/PPP1PPPP/RNBQKBNR b KQkq - 0 1,Nf6,,,classical mainline black,counter,,OCP::00_Openings_Defences::black OCP::00_Openings_Defences::classical OCP::00_Openings_Defences::counter OCP::00_Openings_Defences::mainline
opening_00581 Anti-London d6-Bg4,rnbqkb1r/pppppppp/5n2/8/3P4/8/PPP1PPPP/RNBQKBNR w KQkq - 1 2,Nf3,,,classical mainline black,counter,,OCP::00_Openings_Defences::black OCP::00_Openings_Defences::classical OCP::00_Openings_Defences::counter OCP::00_Openings_Defences::mainline
opening_00582 Anti-London d6-Bg4,rnbqkb1r/pppppppp/5n2/8/3P4/5N2/PPP1PPPP/RNBQKB1R b KQkq - 2 2,d6,,,classical mainline black,counter,,OCP::00_Openings_Defences::black OCP::00_Openings_Defences::classical OCP::00_Openings_Defences::counter OCP::00_Openings_Defences::mainline
opening_00583 Anti-London d6-Bg4,rnbqkb1r/ppp1pppp/3p1n2/8/3P4/5N2/PPP1PPPP/RNBQKB1R w KQkq - 0 3,Bf4,,,classical mainline black,counter,,OCP::00_Openings_Defences::black OCP::00_Openings_Defences::classical OCP::00_Openings_Defences::counter OCP::00_Openings_Defences::mainline
opening_00584 Anti-London d6-Bg4,rnbqkb1r/ppp1pppp/3p1n2/8/3P1B2/5N2/PPP1PPPP/RN1QKB1R b KQkq - 1 3,Bg4,,,classical mainline black,counter,,OCP::00_Openings_Defences::black OCP::00_Openings_Defences::classical OCP::00_Openings_Defences::counter OCP::00_Openings_Defences::mainline
opening_00585 Anti-London d6-Bg4,rn1qkb1r/ppp1pppp/3p1n2/8/3P1Bb1/5N2/PPP1PPPP/RN1QKB1R w KQkq - 2 4,Nbd2,,,classical mainline black,counter,,OCP::00_Openings_Defences::black OCP::00_Openings_Defences::classical OCP::00_Openings_Defences::counter OCP::00_Openings_Defences::mainline
opening_00586 Anti-London d6-Bg4,rn1qkb1r/ppp1pppp/3p1n2/8/3P1Bb1/5N2/PPPNPPPP/R2QKB1R b KQkq - 3 4,Nbd7,,,classical mainline black,counter,,OCP::00_Openings_Defences::black OCP::00_Openings_Defences::classical OCP::00_Openings_Defences::counter OCP::00_Openings_Defences::mainline
opening_00587 Anti-London d6-Bg4,r2qkb1r/pppnpppp/3p1n2/8/3P1Bb1/5N2/PPPNPPPP/R2QKB1R w KQkq - 4 5,e4,,,classical mainline black,counter,,OCP::00_Openings_Defences::black OCP::00_Openings_Defences::classical OCP::00_Openings_Defences::counter OCP::00_Openings_Defences::mainline
